-- MySQL dump 10.14  Distrib 5.5.41-MariaDB, for Linux (x86_64)
--
-- Host: ny-prod-db.cvoo5nr5votw.ap-southeast-1.rds.amazonaws.com    Database: avishkar
-- ------------------------------------------------------
-- Server version	5.6.22-log

/*!40101 SET @OLD_CHARACTER_SET_CLIENT=@@CHARACTER_SET_CLIENT */;
/*!40101 SET @OLD_CHARACTER_SET_RESULTS=@@CHARACTER_SET_RESULTS */;
/*!40101 SET @OLD_COLLATION_CONNECTION=@@COLLATION_CONNECTION */;
/*!40101 SET NAMES utf8 */;
/*!40103 SET @OLD_TIME_ZONE=@@TIME_ZONE */;
/*!40103 SET TIME_ZONE='+00:00' */;
/*!40014 SET @OLD_UNIQUE_CHECKS=@@UNIQUE_CHECKS, UNIQUE_CHECKS=0 */;
/*!40014 SET @OLD_FOREIGN_KEY_CHECKS=@@FOREIGN_KEY_CHECKS, FOREIGN_KEY_CHECKS=0 */;
/*!40101 SET @OLD_SQL_MODE=@@SQL_MODE, SQL_MODE='NO_AUTO_VALUE_ON_ZERO' */;
/*!40111 SET @OLD_SQL_NOTES=@@SQL_NOTES, SQL_NOTES=0 */;

--
-- Current Database: `avishkar`
--

/*!40000 DROP DATABASE IF EXISTS `avishkar`*/;

CREATE DATABASE /*!32312 IF NOT EXISTS*/ `avishkar` /*!40100 DEFAULT CHARACTER SET latin1 */;

USE `avishkar`;

--
-- Table structure for table `calendar`
--

DROP TABLE IF EXISTS `calendar`;
/*!40101 SET @saved_cs_client     = @@character_set_client */;
/*!40101 SET character_set_client = utf8 */;
CREATE TABLE `calendar` (
  `calendar_id` int(11) NOT NULL AUTO_INCREMENT,
  `fleet_id` int(11) DEFAULT NULL,
  `calendar_name` varchar(25) DEFAULT NULL,
  `start_date` date DEFAULT NULL,
  `end_date` date DEFAULT NULL,
  `mon` tinyint(1) DEFAULT NULL,
  `tue` tinyint(1) DEFAULT NULL,
  `wed` tinyint(1) DEFAULT NULL,
  `thu` tinyint(1) DEFAULT NULL,
  `fri` tinyint(1) DEFAULT NULL,
  `sat` tinyint(1) DEFAULT NULL,
  `sun` tinyint(1) DEFAULT NULL,
  PRIMARY KEY (`calendar_id`)
) ENGINE=InnoDB AUTO_INCREMENT=2 DEFAULT CHARSET=latin1 COMMENT='Calendar followed by trips';
/*!40101 SET character_set_client = @saved_cs_client */;

--
-- Dumping data for table `calendar`
--

LOCK TABLES `calendar` WRITE;
/*!40000 ALTER TABLE `calendar` DISABLE KEYS */;
INSERT INTO `calendar` VALUES (1,2,'FULLW','2015-10-02','2017-09-02',1,1,1,1,1,1,1);
/*!40000 ALTER TABLE `calendar` ENABLE KEYS */;
UNLOCK TABLES;

--
-- Table structure for table `calendar_exceptions`
--

DROP TABLE IF EXISTS `calendar_exceptions`;
/*!40101 SET @saved_cs_client     = @@character_set_client */;
/*!40101 SET character_set_client = utf8 */;
CREATE TABLE `calendar_exceptions` (
  `fleet_id` int(11) DEFAULT NULL,
  `calendar_id` int(11) DEFAULT NULL,
  `exception_date` date DEFAULT NULL,
  `include_exclude` tinyint(1) DEFAULT NULL
) ENGINE=InnoDB DEFAULT CHARSET=latin1;
/*!40101 SET character_set_client = @saved_cs_client */;

--
-- Dumping data for table `calendar_exceptions`
--

LOCK TABLES `calendar_exceptions` WRITE;
/*!40000 ALTER TABLE `calendar_exceptions` DISABLE KEYS */;
/*!40000 ALTER TABLE `calendar_exceptions` ENABLE KEYS */;
UNLOCK TABLES;

--
-- Table structure for table `fleet`
--

DROP TABLE IF EXISTS `fleet`;
/*!40101 SET @saved_cs_client     = @@character_set_client */;
/*!40101 SET character_set_client = utf8 */;
CREATE TABLE `fleet` (
  `fleet_name` varchar(255) DEFAULT NULL COMMENT 'Agency name to be used in GTFS',
  `fleet_id` int(11) NOT NULL AUTO_INCREMENT,
  `parent_fleet_id` int(11) DEFAULT NULL,
  `fleetgroup_id` int(11) DEFAULT NULL,
  `gtfs_agency_id` varchar(255) DEFAULT NULL COMMENT 'Agency ID to be used in generated GTFS',
  `fleet_type` int(11) DEFAULT NULL COMMENT '3=Bus',
  `avg_speed` int(11) DEFAULT NULL COMMENT 'Average speed of a bus in the fleet',
  `cen_lat` float DEFAULT NULL,
  `cen_lon` float DEFAULT NULL,
  `ne_lat` float DEFAULT NULL,
  `ne_lon` float DEFAULT NULL,
  `sw_lat` float DEFAULT NULL,
  `sw_lon` float DEFAULT NULL,
  `zoom` int(11) DEFAULT NULL,
  `agency_lang` varchar(5) DEFAULT NULL,
  `agency_timezone` varchar(20) DEFAULT NULL,
  `agency_phone` varchar(20) DEFAULT NULL,
  `agency_url` varchar(255) DEFAULT NULL,
  PRIMARY KEY (`fleet_id`),
  KEY `fleetgroup_id` (`fleetgroup_id`),
  KEY `parent_fleet_id` (`parent_fleet_id`),
  CONSTRAINT `fleet_ibfk_1` FOREIGN KEY (`fleetgroup_id`) REFERENCES `fleetgroup` (`fleetgroup_id`),
  CONSTRAINT `fleet_ibfk_2` FOREIGN KEY (`parent_fleet_id`) REFERENCES `fleet` (`fleet_id`)
) ENGINE=InnoDB AUTO_INCREMENT=8 DEFAULT CHARSET=latin1 COMMENT='Every Agency is listed here';
/*!40101 SET character_set_client = @saved_cs_client */;

--
-- Dumping data for table `fleet`
--

LOCK TABLES `fleet` WRITE;
/*!40000 ALTER TABLE `fleet` DISABLE KEYS */;
INSERT INTO `fleet` VALUES ('No Fleet',1,NULL,NULL,NULL,3,30,52.2682,16.875,78.5605,-177.891,-8.7548,-148.359,2,NULL,NULL,NULL,NULL),('Goa Transport',2,1,NULL,NULL,3,30,15.3591,73.9229,15.6238,74.5766,15.0941,73.2692,10,'en','Asia/Kolkata','(0091)0832-2438034','http://ktclgoa.com/'),('Kadamba Transport Corporation',3,2,NULL,'ktc',3,30,15.3591,73.9229,15.6238,74.5766,15.0941,73.2692,10,'en','Asia/Kolkata','(0091)0832-2438034','http://ktclgoa.com/'),('KTCL Shuttles',4,3,NULL,NULL,3,30,NULL,NULL,NULL,NULL,NULL,NULL,NULL,NULL,NULL,NULL,NULL),('KTCL interstate',5,3,NULL,NULL,3,30,NULL,NULL,NULL,NULL,NULL,NULL,NULL,NULL,NULL,NULL,NULL),('Private Buses',6,2,NULL,NULL,3,30,NULL,NULL,NULL,NULL,NULL,NULL,NULL,NULL,NULL,NULL,NULL),('MH Transport',7,1,NULL,NULL,3,30,19.1313,77.1357,21.1938,82.2993,17.0428,71.9722,7,NULL,NULL,NULL,NULL);
/*!40000 ALTER TABLE `fleet` ENABLE KEYS */;
UNLOCK TABLES;

--
-- Table structure for table `fleetgroup`
--

DROP TABLE IF EXISTS `fleetgroup`;
/*!40101 SET @saved_cs_client     = @@character_set_client */;
/*!40101 SET character_set_client = utf8 */;
CREATE TABLE `fleetgroup` (
  `fleetgroup_name` varchar(255) DEFAULT NULL,
  `fleetgroup_id` int(11) NOT NULL DEFAULT '0',
  `username` varchar(255) DEFAULT NULL,
  `password` varchar(255) DEFAULT NULL,
  PRIMARY KEY (`fleetgroup_id`)
) ENGINE=InnoDB DEFAULT CHARSET=latin1;
/*!40101 SET character_set_client = @saved_cs_client */;

--
-- Dumping data for table `fleetgroup`
--

LOCK TABLES `fleetgroup` WRITE;
/*!40000 ALTER TABLE `fleetgroup` DISABLE KEYS */;
/*!40000 ALTER TABLE `fleetgroup` ENABLE KEYS */;
UNLOCK TABLES;

--
-- Table structure for table `numbers`
--

DROP TABLE IF EXISTS `numbers`;
/*!40101 SET @saved_cs_client     = @@character_set_client */;
/*!40101 SET character_set_client = utf8 */;
CREATE TABLE `numbers` (
  `num` int(11) NOT NULL DEFAULT '0',
  PRIMARY KEY (`num`)
) ENGINE=InnoDB DEFAULT CHARSET=latin1;
/*!40101 SET character_set_client = @saved_cs_client */;

--
-- Dumping data for table `numbers`
--

LOCK TABLES `numbers` WRITE;
/*!40000 ALTER TABLE `numbers` DISABLE KEYS */;
INSERT INTO `numbers` VALUES (1),(2),(3),(4),(5),(6),(7),(8),(9),(10),(11),(12),(13),(14),(15),(16),(17),(18),(19),(20),(21),(22),(23),(24),(25),(26),(27),(28),(29),(30),(31),(32),(33),(34),(35),(36),(37),(38),(39),(40),(41),(42),(43),(44),(45),(46),(47),(48),(49),(50),(51),(52),(53),(54),(55),(56),(57),(58),(59),(60),(61),(62),(63),(64),(65),(66),(67),(68),(69),(70),(71),(72),(73),(74),(75),(76),(77),(78),(79),(80),(81),(82),(83),(84),(85),(86),(87),(88),(89),(90),(91),(92),(93),(94),(95),(96),(97),(98),(99),(100),(101),(102),(103),(104),(105),(106),(107),(108),(109),(110),(111),(112),(113),(114),(115),(116),(117),(118),(119),(120),(121),(122),(123),(124),(125),(126),(127),(128),(129),(130),(131),(132),(133),(134),(135),(136),(137),(138),(139),(140),(141),(142),(143),(144),(145),(146),(147),(148),(149),(150),(151),(152),(153),(154),(155),(156),(157),(158),(159),(160),(161),(162),(163),(164),(165),(166),(167),(168),(169),(170),(171),(172),(173),(174),(175),(176),(177),(178),(179),(180),(181),(182),(183),(184),(185),(186),(187),(188),(189),(190),(191),(192),(193),(194),(195),(196),(197),(198),(199),(200),(201),(202),(203),(204),(205),(206),(207),(208),(209),(210),(211),(212),(213),(214),(215),(216),(217),(218),(219),(220),(221),(222),(223),(224),(225),(226),(227),(228),(229),(230),(231),(232),(233),(234),(235),(236),(237),(238),(239),(240),(241),(242),(243),(244),(245),(246),(247),(248),(249),(250),(251),(252),(253),(254),(255),(256),(257),(258),(259),(260),(261),(262),(263),(264),(265),(266),(267),(268),(269),(270),(271),(272),(273),(274),(275),(276),(277),(278),(279),(280),(281),(282),(283),(284),(285),(286),(287),(288),(289),(290),(291),(292),(293),(294),(295),(296),(297),(298),(299),(300),(301),(302),(303),(304),(305),(306),(307),(308),(309),(310),(311),(312),(313),(314),(315),(316),(317),(318),(319),(320),(321),(322),(323),(324),(325),(326),(327),(328),(329),(330),(331),(332),(333),(334),(335),(336),(337),(338),(339),(340),(341),(342),(343),(344),(345),(346),(347),(348),(349),(350),(351),(352),(353),(354),(355),(356),(357),(358),(359),(360),(361),(362),(363),(364),(365),(366),(367),(368),(369),(370),(371),(372),(373),(374),(375),(376),(377),(378),(379),(380),(381),(382),(383),(384),(385),(386),(387),(388),(389),(390),(391),(392),(393),(394),(395),(396),(397),(398),(399),(400),(401),(402),(403),(404),(405),(406),(407),(408),(409),(410),(411),(412),(413),(414),(415),(416),(417),(418),(419),(420),(421),(422),(423),(424),(425),(426),(427),(428),(429),(430),(431),(432),(433),(434),(435),(436),(437),(438),(439),(440),(441),(442),(443),(444),(445),(446),(447),(448),(449),(450),(451),(452),(453),(454),(455),(456),(457),(458),(459),(460),(461),(462),(463),(464),(465),(466),(467),(468),(469),(470),(471),(472),(473),(474),(475),(476),(477),(478),(479),(480),(481),(482),(483),(484),(485),(486),(487),(488),(489),(490),(491),(492),(493),(494),(495),(496),(497),(498),(499),(500),(501),(502),(503),(504),(505),(506),(507),(508),(509),(510),(511),(512),(513),(514),(515),(516),(517),(518),(519),(520),(521),(522),(523),(524),(525),(526),(527),(528),(529),(530),(531),(532),(533),(534),(535),(536),(537),(538),(539),(540),(541),(542),(543),(544),(545),(546),(547),(548),(549),(550),(551),(552),(553),(554),(555),(556),(557),(558),(559),(560),(561),(562),(563),(564),(565),(566),(567),(568),(569),(570),(571),(572),(573),(574),(575),(576),(577),(578),(579),(580),(581),(582),(583),(584),(585),(586),(587),(588),(589),(590),(591),(592),(593),(594),(595),(596),(597),(598),(599),(600),(601),(602),(603),(604),(605),(606),(607),(608),(609),(610),(611),(612),(613),(614),(615),(616),(617),(618),(619),(620),(621),(622),(623),(624),(625),(626),(627),(628),(629),(630),(631),(632),(633),(634),(635),(636),(637),(638),(639),(640),(641),(642),(643),(644),(645),(646),(647),(648),(649),(650),(651),(652),(653),(654),(655),(656),(657),(658),(659),(660),(661),(662),(663),(664),(665),(666),(667),(668),(669),(670),(671),(672),(673),(674),(675),(676),(677),(678),(679),(680),(681),(682),(683),(684),(685),(686),(687),(688),(689),(690),(691),(692),(693),(694),(695),(696),(697),(698),(699),(700),(701),(702),(703),(704),(705),(706),(707),(708),(709),(710),(711),(712),(713),(714),(715),(716),(717),(718),(719),(720),(721),(722),(723),(724),(725),(726),(727),(728),(729),(730),(731),(732),(733),(734),(735),(736),(737),(738),(739),(740),(741),(742),(743),(744),(745),(746),(747),(748),(749),(750),(751),(752),(753),(754),(755),(756),(757),(758),(759),(760),(761),(762),(763),(764),(765),(766),(767),(768),(769),(770),(771),(772),(773),(774),(775),(776),(777),(778),(779),(780),(781),(782),(783),(784),(785),(786),(787),(788),(789),(790),(791),(792),(793),(794),(795),(796),(797),(798),(799),(800),(801),(802),(803),(804),(805),(806),(807),(808),(809),(810),(811),(812),(813),(814),(815),(816),(817),(818),(819),(820),(821),(822),(823),(824),(825),(826),(827),(828),(829),(830),(831),(832),(833),(834),(835),(836),(837),(838),(839),(840),(841),(842),(843),(844),(845),(846),(847),(848),(849),(850),(851),(852),(853),(854),(855),(856),(857),(858),(859),(860),(861),(862),(863),(864),(865),(866),(867),(868),(869),(870),(871),(872),(873),(874),(875),(876),(877),(878),(879),(880),(881),(882),(883),(884),(885),(886),(887),(888),(889),(890),(891),(892),(893),(894),(895),(896),(897),(898),(899),(900),(901),(902),(903),(904),(905),(906),(907),(908),(909),(910),(911),(912),(913),(914),(915),(916),(917),(918),(919),(920),(921),(922),(923),(924),(925),(926),(927),(928),(929),(930),(931),(932),(933),(934),(935),(936),(937),(938),(939),(940),(941),(942),(943),(944),(945),(946),(947),(948),(949),(950),(951),(952),(953),(954),(955),(956),(957),(958),(959),(960),(961),(962),(963),(964),(965),(966),(967),(968),(969),(970),(971),(972),(973),(974),(975),(976),(977),(978),(979),(980),(981),(982),(983),(984),(985),(986),(987),(988),(989),(990),(991),(992),(993),(994),(995),(996),(997),(998),(999),(1000);
/*!40000 ALTER TABLE `numbers` ENABLE KEYS */;
UNLOCK TABLES;

--
-- Table structure for table `route`
--

DROP TABLE IF EXISTS `route`;
/*!40101 SET @saved_cs_client     = @@character_set_client */;
/*!40101 SET character_set_client = utf8 */;
CREATE TABLE `route` (
  `route_id` int(11) NOT NULL AUTO_INCREMENT,
  `gtfs_route_id` int(11) DEFAULT NULL,
  `fleet_id` int(11) DEFAULT NULL COMMENT 'Fleet to which the route belongs. This is always the Root Fleet',
  `is_deleted` tinyint(1) DEFAULT '0',
  `route_name` varchar(255) DEFAULT NULL,
  `start_stop_id` int(11) DEFAULT NULL,
  `end_stop_id` int(11) DEFAULT NULL,
  PRIMARY KEY (`route_id`),
  KEY `fleet_id` (`fleet_id`),
  KEY `start_stop_id` (`start_stop_id`),
  KEY `end_stop_id` (`end_stop_id`),
  CONSTRAINT `route_ibfk_1` FOREIGN KEY (`fleet_id`) REFERENCES `fleet` (`fleet_id`),
  CONSTRAINT `route_ibfk_2` FOREIGN KEY (`start_stop_id`) REFERENCES `stop` (`stop_id`),
  CONSTRAINT `route_ibfk_3` FOREIGN KEY (`end_stop_id`) REFERENCES `stop` (`stop_id`)
) ENGINE=InnoDB AUTO_INCREMENT=11 DEFAULT CHARSET=latin1;
/*!40101 SET character_set_client = @saved_cs_client */;

--
-- Dumping data for table `route`
--

LOCK TABLES `route` WRITE;
/*!40000 ALTER TABLE `route` DISABLE KEYS */;
INSERT INTO `route` VALUES (1,0,2,0,'ABC',1,20),(2,0,2,0,'ABC',1,195),(3,0,2,0,'ABC',1,163),(4,0,2,0,'ABC',1,160),(5,0,2,0,'ABC',1,195),(6,0,2,0,'ABC',152,645),(7,0,2,0,'ABC',1,557),(8,0,2,0,'ABC',1,83),(9,0,2,0,'ABC',1,296),(10,0,2,0,'ABC',1,59);
/*!40000 ALTER TABLE `route` ENABLE KEYS */;
UNLOCK TABLES;

--
-- Table structure for table `routestop`
--

DROP TABLE IF EXISTS `routestop`;
/*!40101 SET @saved_cs_client     = @@character_set_client */;
/*!40101 SET character_set_client = utf8 */;
CREATE TABLE `routestop` (
  `stop_id` int(11) DEFAULT NULL,
  `peer_stop_id` int(11) DEFAULT NULL COMMENT 'Stop in the reverse direction',
  `route_id` int(11) DEFAULT NULL,
  `stage_id` int(11) DEFAULT NULL,
  `sequence` int(11) DEFAULT NULL,
  `route_stop_id` int(11) NOT NULL AUTO_INCREMENT,
  PRIMARY KEY (`route_stop_id`),
  KEY `stage_id` (`stage_id`),
  KEY `stop_id` (`stop_id`),
  KEY `idx_route_stop_route` (`route_id`),
  CONSTRAINT `routestop_ibfk_1` FOREIGN KEY (`route_id`) REFERENCES `route` (`route_id`),
  CONSTRAINT `routestop_ibfk_2` FOREIGN KEY (`stage_id`) REFERENCES `stage` (`stage_id`),
  CONSTRAINT `routestop_ibfk_3` FOREIGN KEY (`stop_id`) REFERENCES `stop` (`stop_id`)
) ENGINE=InnoDB AUTO_INCREMENT=329 DEFAULT CHARSET=latin1;
/*!40101 SET character_set_client = @saved_cs_client */;

--
-- Dumping data for table `routestop`
--

LOCK TABLES `routestop` WRITE;
/*!40000 ALTER TABLE `routestop` DISABLE KEYS */;
INSERT INTO `routestop` VALUES (1,1,1,1,1,1),(84,85,1,2,2,2),(2,3,1,2,3,3),(4,5,1,2,4,4),(6,7,1,3,5,5),(8,9,1,3,6,6),(10,11,1,4,7,7),(12,13,1,4,8,8),(14,15,1,5,9,9),(17,16,1,5,10,10),(19,18,1,5,11,11),(20,20,1,6,12,12),(1,1,2,7,1,13),(108,107,2,8,2,14),(1383,1384,2,8,3,15),(110,109,2,9,4,16),(111,112,2,9,5,17),(113,113,2,10,6,18),(114,115,2,10,7,19),(116,117,2,10,8,20),(119,118,2,11,9,21),(121,120,2,12,10,22),(123,122,2,13,11,23),(125,124,2,13,12,24),(127,126,2,14,13,25),(129,128,2,14,14,26),(169,168,2,14,15,27),(131,130,2,14,16,28),(133,132,2,15,17,29),(174,174,2,15,18,30),(777,776,2,15,19,31),(1139,1140,2,16,20,32),(175,176,2,17,21,33),(177,178,2,17,22,34),(179,180,2,17,23,35),(181,182,2,17,24,36),(905,183,2,18,25,37),(184,NULL,2,18,26,38),(185,186,2,18,27,39),(187,188,2,19,28,40),(190,189,2,20,29,41),(192,191,2,21,30,42),(194,193,2,21,31,43),(775,774,2,21,32,44),(195,196,2,22,33,45),(1,1,3,23,1,46),(107,108,3,24,2,47),(1383,1384,3,24,3,48),(110,109,3,25,4,49),(111,112,3,25,5,50),(113,113,3,26,6,51),(114,115,3,26,7,52),(116,117,3,26,8,53),(119,118,3,27,9,54),(120,121,3,28,10,55),(123,122,3,28,11,56),(125,124,3,29,12,57),(127,126,3,30,13,58),(129,128,3,30,14,59),(169,168,3,30,15,60),(131,130,3,30,16,61),(133,132,3,31,17,62),(134,135,3,31,18,63),(136,137,3,32,19,64),(172,173,3,32,20,65),(170,171,3,32,21,66),(1393,1392,3,32,22,67),(1391,1390,3,33,23,68),(138,139,3,34,24,69),(140,141,3,35,25,70),(142,143,3,36,26,71),(144,145,3,36,27,72),(165,166,3,39,32,73),(146,147,3,36,28,74),(148,149,3,37,29,75),(151,150,3,38,30,76),(152,152,3,39,31,77),(163,164,3,39,33,78),(1,1,4,40,1,79),(107,108,4,41,2,81),(1383,1384,4,41,3,82),(110,109,4,42,4,83),(112,111,4,42,5,84),(113,113,4,43,6,85),(114,115,4,43,7,86),(116,117,4,43,8,87),(119,118,4,44,9,88),(121,120,4,45,10,89),(123,122,4,45,11,90),(125,124,4,46,12,91),(127,126,4,47,13,92),(129,128,4,47,14,93),(169,168,4,47,15,94),(131,130,4,47,16,95),(133,132,4,48,17,96),(134,135,4,48,18,97),(136,137,4,51,19,98),(172,173,4,51,20,99),(170,171,4,51,21,100),(1393,1392,4,51,22,101),(1390,1391,4,52,23,102),(138,139,4,53,24,103),(140,141,4,54,25,104),(142,143,4,55,26,105),(144,145,4,55,27,106),(165,166,4,55,28,107),(146,147,4,55,29,108),(148,149,4,65,30,109),(151,150,4,65,31,110),(152,152,4,66,32,111),(154,153,4,66,33,112),(163,164,4,66,34,113),(161,162,4,67,35,114),(156,155,4,67,36,115),(158,157,4,68,37,116),(160,159,4,69,38,117),(1,1,5,70,1,118),(245,244,5,71,2,119),(198,197,5,72,3,120),(199,199,5,72,4,121),(246,246,5,72,5,122),(201,200,5,72,6,123),(203,202,5,73,7,124),(252,251,5,73,8,125),(207,206,5,74,9,126),(211,210,5,74,10,127),(365,364,5,74,11,128),(214,213,5,75,12,129),(216,215,5,76,13,130),(217,218,5,77,14,131),(220,1395,5,78,15,132),(222,1394,5,78,16,133),(406,405,5,78,17,134),(224,223,5,79,18,135),(225,225,5,80,19,136),(226,226,5,80,20,137),(969,969,5,80,21,138),(407,408,5,81,22,139),(934,933,5,81,23,140),(411,412,5,82,24,141),(414,413,5,82,25,142),(1069,1070,5,82,26,143),(410,409,5,82,27,144),(759,760,5,82,28,145),(1068,1067,5,83,29,146),(758,757,5,84,30,147),(951,950,5,84,31,148),(756,755,5,84,32,149),(754,753,5,84,33,150),(752,751,5,85,34,151),(731,732,5,85,35,152),(195,196,5,86,36,153),(152,152,6,87,1,154),(151,150,6,88,2,155),(148,149,6,88,3,156),(146,147,6,89,4,157),(441,442,6,90,5,158),(913,912,6,90,6,159),(911,910,6,91,7,160),(909,908,6,91,8,161),(907,906,6,91,9,162),(178,177,6,92,10,163),(180,179,6,92,11,164),(182,181,6,92,12,165),(905,183,6,93,13,166),(186,185,6,93,14,167),(188,187,6,93,15,168),(190,189,6,94,16,169),(192,191,6,94,17,170),(194,193,6,95,18,171),(775,774,6,95,19,172),(196,195,6,96,20,173),(731,732,6,96,21,174),(733,734,6,96,22,175),(804,804,6,96,23,176),(805,805,6,96,24,177),(806,806,6,96,25,178),(801,801,6,96,26,179),(807,807,6,96,27,180),(490,489,6,97,28,181),(674,674,6,98,29,182),(671,670,6,98,30,183),(668,669,6,99,31,184),(667,667,6,100,32,185),(666,665,6,101,33,186),(738,737,6,101,34,187),(1047,1046,6,101,35,188),(1048,1049,6,101,36,189),(727,728,6,102,37,190),(730,729,6,102,38,191),(698,697,6,103,39,192),(664,663,6,104,40,193),(639,639,6,105,41,194),(641,640,6,105,42,195),(662,661,6,105,43,196),(960,959,6,105,44,197),(660,659,6,105,45,198),(650,649,6,106,46,199),(1,1,7,107,1,200),(84,85,7,108,2,201),(2,3,7,108,3,202),(4,5,7,108,4,203),(6,7,7,108,5,204),(8,9,7,108,6,205),(10,11,7,109,7,206),(13,12,7,109,8,207),(14,15,7,110,9,208),(19,18,7,110,10,209),(20,20,7,111,11,210),(87,86,7,111,12,211),(89,88,7,112,13,212),(91,90,7,113,14,213),(93,92,7,113,15,214),(95,94,7,113,16,215),(97,1260,7,114,17,216),(98,99,7,114,18,217),(101,100,7,115,19,218),(102,103,7,115,20,219),(745,746,7,116,21,220),(104,105,7,116,22,221),(106,106,7,117,23,222),(428,427,7,118,24,223),(560,559,7,119,25,224),(551,550,7,120,26,225),(556,555,7,121,27,226),(557,429,7,122,28,227),(648,647,6,123,47,228),(1045,1044,6,123,48,229),(646,646,6,124,49,230),(904,903,6,125,50,231),(645,644,6,126,51,232),(1,1,8,127,1,233),(245,244,8,127,2,234),(198,197,8,128,3,235),(199,199,8,128,4,236),(246,246,8,128,5,237),(201,200,8,128,6,238),(203,202,8,129,7,239),(252,251,8,129,8,240),(207,206,8,130,9,241),(211,210,8,130,10,242),(365,364,8,130,11,243),(214,213,8,131,12,244),(247,248,8,132,13,245),(249,250,8,133,14,246),(254,253,8,134,15,247),(256,255,8,135,16,248),(258,257,8,135,17,249),(260,259,8,136,18,250),(262,261,8,137,19,251),(61,60,8,138,20,252),(59,59,8,138,21,253),(63,62,8,138,22,254),(65,64,8,139,23,255),(67,66,8,140,24,256),(68,68,8,140,25,257),(70,69,8,140,26,258),(72,71,8,140,27,259),(74,73,8,141,28,260),(76,75,8,142,29,261),(78,77,8,142,30,262),(457,456,8,142,31,263),(80,79,8,143,32,264),(82,81,8,144,33,265),(83,83,8,144,34,266),(1,1,9,145,1,267),(84,85,9,146,2,268),(2,3,9,146,3,269),(4,5,9,146,4,270),(6,7,9,147,5,271),(8,9,9,147,6,272),(10,11,9,148,7,273),(13,12,9,148,8,274),(14,15,9,149,9,275),(266,265,9,149,10,276),(16,17,9,149,11,277),(19,18,9,149,12,278),(20,20,9,150,13,279),(87,86,9,150,14,280),(22,21,9,151,15,281),(227,228,9,151,16,282),(275,276,9,152,17,283),(277,278,9,153,18,284),(279,280,9,153,19,285),(281,282,9,153,20,286),(299,299,9,153,21,287),(284,283,9,154,22,288),(567,566,9,155,23,289),(1267,1266,9,155,24,290),(375,374,9,156,25,291),(296,295,9,157,26,292),(1,1,10,158,1,293),(84,85,10,159,2,294),(2,3,10,159,3,295),(4,5,10,159,4,296),(6,7,10,160,5,297),(8,9,10,160,6,298),(10,11,10,160,7,299),(13,12,10,160,8,300),(14,15,10,161,9,301),(266,265,10,161,10,302),(16,17,10,161,11,303),(19,18,10,161,12,304),(20,20,10,162,13,305),(87,86,10,162,14,306),(22,21,10,163,15,307),(24,23,10,164,16,308),(26,25,10,165,17,309),(28,27,10,165,18,310),(30,29,10,165,19,311),(32,31,10,165,20,312),(34,33,10,166,21,313),(35,35,10,166,22,314),(37,36,10,166,23,315),(39,38,10,167,24,316),(41,40,10,167,25,317),(1295,1294,10,168,26,318),(43,42,10,168,27,319),(45,44,10,169,28,320),(47,46,10,169,29,321),(49,48,10,169,30,322),(50,50,10,169,31,323),(52,51,10,169,32,324),(54,53,10,170,33,325),(56,55,10,171,34,326),(58,57,10,172,35,327),(59,59,10,172,36,328);
/*!40000 ALTER TABLE `routestop` ENABLE KEYS */;
UNLOCK TABLES;

--
-- Table structure for table `routestoptrip`
--

DROP TABLE IF EXISTS `routestoptrip`;
/*!40101 SET @saved_cs_client     = @@character_set_client */;
/*!40101 SET character_set_client = utf8 */;
CREATE TABLE `routestoptrip` (
  `route_stop_id` int(11) NOT NULL DEFAULT '0',
  `trip_id` int(11) NOT NULL DEFAULT '0',
  `time` time DEFAULT NULL,
  PRIMARY KEY (`route_stop_id`,`trip_id`),
  KEY `idx_routestoptrip_trip` (`trip_id`),
  CONSTRAINT `routestoptrip_ibfk_1` FOREIGN KEY (`route_stop_id`) REFERENCES `routestop` (`route_stop_id`),
  CONSTRAINT `routestoptrip_ibfk_2` FOREIGN KEY (`trip_id`) REFERENCES `trip` (`trip_id`)
) ENGINE=InnoDB DEFAULT CHARSET=latin1;
/*!40101 SET character_set_client = @saved_cs_client */;

--
-- Dumping data for table `routestoptrip`
--

LOCK TABLES `routestoptrip` WRITE;
/*!40000 ALTER TABLE `routestoptrip` DISABLE KEYS */;
INSERT INTO `routestoptrip` VALUES (1,1,'06:45:00'),(1,7,'08:02:00'),(2,1,'06:51:00'),(2,7,'07:57:00'),(3,1,'06:52:00'),(3,7,'07:56:00'),(4,1,'06:53:00'),(4,7,'07:56:00'),(5,1,'06:54:00'),(5,7,'07:55:00'),(6,1,'06:54:00'),(6,7,'07:55:00'),(7,1,'06:55:00'),(7,7,'07:54:00'),(8,1,'06:57:00'),(8,7,'07:52:00'),(9,1,'07:00:00'),(9,7,'07:49:00'),(10,1,'07:01:00'),(10,7,'07:48:00'),(11,1,'07:02:00'),(11,7,'07:47:00'),(12,1,'07:10:00'),(12,7,'07:45:00'),(13,8,'10:50:00'),(13,9,'13:20:00'),(14,8,'10:56:00'),(14,9,'13:15:00'),(15,8,'10:57:00'),(15,9,'13:14:00'),(16,8,'11:02:00'),(16,9,'13:12:00'),(17,8,'11:04:00'),(17,9,'13:10:00'),(18,8,'11:04:00'),(18,9,'13:09:00'),(19,8,'11:05:00'),(19,9,'13:07:00'),(20,8,'11:05:00'),(20,9,'13:07:00'),(21,8,'11:06:00'),(21,9,'13:06:00'),(22,8,'11:09:00'),(22,9,'13:03:00'),(23,8,'11:10:00'),(23,9,'13:02:00'),(24,8,'11:11:00'),(24,9,'13:01:00'),(25,8,'11:13:00'),(25,9,'12:59:00'),(26,8,'11:14:00'),(26,9,'12:58:00'),(27,8,'11:25:00'),(27,9,'12:47:00'),(28,8,'11:26:00'),(28,9,'12:46:00'),(29,8,'11:28:00'),(29,9,'12:44:00'),(30,8,'11:29:00'),(30,9,'12:37:00'),(31,8,'11:30:00'),(31,9,'12:36:00'),(32,8,'11:31:00'),(32,9,'12:35:00'),(33,8,'11:34:00'),(33,9,'12:32:00'),(34,8,'11:35:00'),(34,9,'12:26:00'),(35,8,'11:36:00'),(35,9,'12:25:00'),(36,8,'11:37:00'),(36,9,'12:24:00'),(37,8,'11:38:00'),(37,9,'12:23:00'),(38,8,'11:38:00'),(38,9,'12:23:00'),(39,8,'11:38:00'),(39,9,'12:23:00'),(40,8,'11:39:00'),(40,9,'12:23:00'),(41,8,'11:45:00'),(41,9,'12:17:00'),(42,8,'11:48:00'),(42,9,'12:14:00'),(43,8,'11:48:00'),(43,9,'12:14:00'),(44,8,'11:49:00'),(44,9,'12:13:00'),(45,8,'11:52:00'),(45,9,'12:10:00'),(46,14,'06:30:00'),(46,15,'09:04:00'),(47,14,'06:36:00'),(47,15,'08:59:00'),(48,14,'06:37:00'),(48,15,'08:58:00'),(49,14,'06:42:00'),(49,15,'08:56:00'),(50,14,'06:44:00'),(50,15,'08:54:00'),(51,14,'06:44:00'),(51,15,'08:53:00'),(52,14,'06:45:00'),(52,15,'08:51:00'),(53,14,'06:45:00'),(53,15,'08:51:00'),(54,14,'06:46:00'),(54,15,'08:50:00'),(55,14,'06:49:00'),(55,15,'08:47:00'),(56,14,'06:50:00'),(56,15,'08:46:00'),(57,14,'06:51:00'),(57,15,'08:45:00'),(58,14,'06:53:00'),(58,15,'08:43:00'),(59,14,'06:54:00'),(59,15,'08:42:00'),(60,14,'07:05:00'),(60,15,'08:31:00'),(61,14,'07:06:00'),(61,15,'08:30:00'),(62,14,'07:08:00'),(62,15,'08:28:00'),(63,14,'07:09:00'),(63,15,'08:27:00'),(64,14,'07:10:00'),(64,15,'08:26:00'),(65,14,'07:11:00'),(65,15,'08:25:00'),(66,14,'07:12:00'),(66,15,'08:24:00'),(67,14,'07:12:00'),(67,15,'08:24:00'),(68,14,'07:15:00'),(68,15,'08:21:00'),(69,14,'07:16:00'),(69,15,'08:20:00'),(70,14,'07:17:00'),(70,15,'08:19:00'),(71,14,'07:20:00'),(71,15,'08:16:00'),(72,14,'07:20:00'),(72,15,'08:16:00'),(73,14,'07:29:00'),(73,15,'08:07:00'),(74,14,'07:23:00'),(74,15,'08:13:00'),(75,14,'07:24:00'),(75,15,'08:12:00'),(76,14,'07:24:00'),(76,15,'08:12:00'),(77,14,'07:24:00'),(77,15,'08:12:00'),(78,14,'07:36:00'),(78,15,'08:00:00'),(79,3,'15:50:00'),(79,5,'18:09:00'),(79,6,'17:59:00'),(81,3,'15:56:00'),(81,5,'18:04:00'),(81,6,'17:54:00'),(82,3,'15:57:00'),(82,5,'18:03:00'),(82,6,'17:53:00'),(83,3,'16:02:00'),(83,5,'18:01:00'),(83,6,'17:51:00'),(84,3,'16:04:00'),(84,5,'17:59:00'),(84,6,'17:49:00'),(85,3,'16:05:00'),(85,5,'17:59:00'),(85,6,'17:49:00'),(86,3,'16:06:00'),(86,5,'17:57:00'),(86,6,'17:47:00'),(87,3,'16:06:00'),(87,5,'17:57:00'),(87,6,'17:47:00'),(88,3,'16:07:00'),(88,5,'17:56:00'),(88,6,'17:46:00'),(89,3,'16:10:00'),(89,5,'17:53:00'),(89,6,'17:43:00'),(90,3,'16:11:00'),(90,5,'17:52:00'),(90,6,'17:42:00'),(91,3,'16:12:00'),(91,5,'17:51:00'),(91,6,'17:41:00'),(92,3,'16:14:00'),(92,5,'17:49:00'),(92,6,'17:39:00'),(93,3,'16:15:00'),(93,5,'17:48:00'),(93,6,'17:38:00'),(94,3,'16:26:00'),(94,5,'17:37:00'),(94,6,'17:27:00'),(95,3,'16:27:00'),(95,5,'17:36:00'),(95,6,'17:26:00'),(96,3,'16:29:00'),(96,5,'17:34:00'),(96,6,'17:24:00'),(97,3,'16:30:00'),(97,5,'17:33:00'),(97,6,'17:23:00'),(98,3,'16:31:00'),(98,5,'17:32:00'),(98,6,'17:22:00'),(99,3,'16:32:00'),(99,5,'17:31:00'),(99,6,'17:21:00'),(100,3,'16:33:00'),(100,5,'17:30:00'),(100,6,'17:20:00'),(101,3,'16:33:00'),(101,5,'17:30:00'),(101,6,'17:20:00'),(102,3,'16:36:00'),(102,5,'17:27:00'),(102,6,'17:17:00'),(103,3,'16:37:00'),(103,5,'17:26:00'),(103,6,'17:16:00'),(104,3,'16:38:00'),(104,5,'17:25:00'),(104,6,'17:15:00'),(105,3,'16:41:00'),(105,5,'17:22:00'),(105,6,'17:12:00'),(106,3,'16:41:00'),(106,5,'17:22:00'),(106,6,'17:12:00'),(107,3,'16:42:00'),(107,5,'17:21:00'),(107,6,'17:11:00'),(108,3,'16:44:00'),(108,5,'17:19:00'),(108,6,'17:09:00'),(109,3,'16:45:00'),(109,5,'17:18:00'),(109,6,'17:08:00'),(110,3,'16:45:00'),(110,5,'17:18:00'),(110,6,'17:08:00'),(111,3,'16:45:00'),(111,5,'17:18:00'),(111,6,'17:08:00'),(112,3,'16:46:00'),(112,5,'17:17:00'),(112,6,'17:07:00'),(113,3,'16:47:00'),(113,5,'17:16:00'),(113,6,'17:06:00'),(114,3,'16:47:00'),(114,5,'17:16:00'),(114,6,'17:06:00'),(115,3,'16:48:00'),(115,5,'17:15:00'),(115,6,'17:05:00'),(116,3,'16:51:00'),(116,5,'17:12:00'),(116,6,'17:02:00'),(117,3,'16:53:00'),(117,5,'17:10:00'),(117,6,'17:00:00'),(118,20,'21:40:00'),(118,21,'09:17:00'),(119,20,'21:51:00'),(119,21,'09:06:00'),(120,20,'21:58:00'),(120,21,'09:01:00'),(121,20,'21:58:00'),(121,21,'09:00:00'),(122,20,'22:00:00'),(122,21,'08:57:00'),(123,20,'22:01:00'),(123,21,'08:56:00'),(124,20,'22:06:00'),(124,21,'08:51:00'),(125,20,'22:07:00'),(125,21,'08:49:00'),(126,20,'22:12:00'),(126,21,'08:45:00'),(127,20,'22:14:00'),(127,21,'08:43:00'),(128,20,'22:15:00'),(128,21,'08:42:00'),(129,20,'22:17:00'),(129,21,'08:40:00'),(130,20,'22:20:00'),(130,21,'08:37:00'),(131,20,'22:25:00'),(131,21,'08:32:00'),(132,20,'22:29:00'),(132,21,'08:29:00'),(133,20,'22:31:00'),(133,21,'08:28:00'),(134,20,'22:34:00'),(134,21,'08:25:00'),(135,20,'22:39:00'),(135,21,'08:20:00'),(136,20,'22:42:00'),(136,21,'08:18:00'),(137,20,'22:44:00'),(137,21,'08:16:00'),(138,20,'22:44:00'),(138,21,'08:16:00'),(139,20,'22:45:00'),(139,21,'08:15:00'),(140,20,'22:47:00'),(140,21,'08:13:00'),(141,20,'22:53:00'),(141,21,'08:07:00'),(142,20,'22:54:00'),(142,21,'08:06:00'),(143,20,'22:55:00'),(143,21,'08:05:00'),(144,20,'22:56:00'),(144,21,'08:04:00'),(145,20,'22:56:00'),(145,21,'08:04:00'),(146,20,'23:03:00'),(146,21,'07:58:00'),(147,20,'23:04:00'),(147,21,'07:57:00'),(148,20,'23:05:00'),(148,21,'07:56:00'),(149,20,'23:06:00'),(149,21,'07:55:00'),(150,20,'23:10:00'),(150,21,'07:51:00'),(151,20,'23:13:00'),(151,21,'07:48:00'),(152,20,'23:14:00'),(152,21,'07:47:00'),(153,20,'23:31:00'),(153,21,'07:30:00'),(154,12,'19:00:00'),(154,13,'09:35:00'),(155,12,'19:00:00'),(155,13,'09:35:00'),(156,12,'19:00:00'),(156,13,'09:35:00'),(157,12,'19:01:00'),(157,13,'09:34:00'),(158,12,'19:04:00'),(158,13,'09:31:00'),(159,12,'19:10:00'),(159,13,'09:25:00'),(160,12,'19:15:00'),(160,13,'09:20:00'),(161,12,'19:23:00'),(161,13,'09:11:00'),(162,12,'19:26:00'),(162,13,'09:08:00'),(163,12,'19:34:00'),(163,13,'09:01:00'),(164,12,'19:40:00'),(164,13,'09:00:00'),(165,12,'19:41:00'),(165,13,'08:57:00'),(166,12,'19:45:00'),(166,13,'08:53:00'),(167,12,'19:46:00'),(167,13,'08:52:00'),(168,12,'19:46:00'),(168,13,'08:51:00'),(169,12,'19:52:00'),(169,13,'08:45:00'),(170,12,'19:55:00'),(170,13,'08:42:00'),(171,12,'19:55:00'),(171,13,'08:42:00'),(172,12,'19:56:00'),(172,13,'08:41:00'),(173,12,'19:59:00'),(173,13,'08:38:00'),(174,12,'20:00:00'),(174,13,'08:37:00'),(175,12,'20:11:00'),(175,13,'08:25:00'),(176,12,'20:11:00'),(176,13,'08:24:00'),(177,12,'20:11:00'),(177,13,'08:24:00'),(178,12,'20:12:00'),(178,13,'08:23:00'),(179,12,'20:12:00'),(179,13,'08:21:00'),(180,12,'20:12:00'),(180,13,'08:19:00'),(181,12,'20:20:00'),(181,13,'08:11:00'),(182,12,'20:24:00'),(182,13,'08:07:00'),(183,12,'20:25:00'),(183,13,'08:06:00'),(184,12,'20:28:00'),(184,13,'08:03:00'),(185,12,'20:32:00'),(185,13,'07:59:00'),(186,12,'20:39:00'),(186,13,'07:52:00'),(187,12,'20:40:00'),(187,13,'07:51:00'),(188,12,'20:46:00'),(188,13,'07:45:00'),(189,12,'20:51:00'),(189,13,'07:40:00'),(190,12,'20:54:00'),(190,13,'07:37:00'),(191,12,'20:56:00'),(191,13,'07:35:00'),(192,12,'20:57:00'),(192,13,'07:34:00'),(193,12,'21:15:00'),(193,13,'07:16:00'),(194,12,'21:16:00'),(194,13,'07:15:00'),(195,12,'21:16:00'),(195,13,'07:15:00'),(196,12,'21:19:00'),(196,13,'07:12:00'),(197,12,'21:21:00'),(197,13,'07:10:00'),(198,12,'21:23:00'),(198,13,'07:08:00'),(199,12,'21:33:00'),(199,13,'06:58:00'),(200,18,'08:25:00'),(200,19,'11:45:00'),(201,18,'08:31:00'),(201,19,'11:40:00'),(202,18,'08:32:00'),(202,19,'11:39:00'),(203,18,'08:33:00'),(203,19,'11:39:00'),(204,18,'08:34:00'),(204,19,'11:38:00'),(205,18,'08:34:00'),(205,19,'11:38:00'),(206,18,'08:35:00'),(206,19,'11:37:00'),(207,18,'08:37:00'),(207,19,'11:35:00'),(208,18,'08:41:00'),(208,19,'11:32:00'),(209,18,'08:44:00'),(209,19,'11:29:00'),(210,18,'08:47:00'),(210,19,'11:27:00'),(211,18,'08:49:00'),(211,19,'11:26:00'),(212,18,'08:54:00'),(212,19,'11:21:00'),(213,18,'08:57:00'),(213,19,'11:18:00'),(214,18,'08:59:00'),(214,19,'11:16:00'),(215,18,'09:01:00'),(215,19,'11:14:00'),(216,18,'09:05:00'),(216,19,'11:10:00'),(217,18,'09:08:00'),(217,19,'11:07:00'),(218,18,'09:12:00'),(218,19,'11:03:00'),(219,18,'09:13:00'),(219,19,'11:02:00'),(220,18,'09:14:00'),(220,19,'11:01:00'),(221,18,'09:14:00'),(221,19,'11:01:00'),(222,18,'09:17:00'),(222,19,'10:57:00'),(223,18,'09:23:00'),(223,19,'10:50:00'),(224,18,'09:25:00'),(224,19,'10:48:00'),(225,18,'09:31:00'),(225,19,'10:42:00'),(226,18,'09:40:00'),(226,19,'10:33:00'),(227,18,'09:43:00'),(227,19,'10:30:00'),(228,12,'21:44:00'),(228,13,'06:47:00'),(229,12,'21:46:00'),(229,13,'06:45:00'),(230,12,'21:51:00'),(230,13,'06:41:00'),(231,12,'21:56:00'),(231,13,'06:36:00'),(232,12,'22:02:00'),(232,13,'06:30:00'),(267,10,'19:10:00'),(267,11,'08:57:00'),(268,10,'19:16:00'),(268,11,'08:52:00'),(269,10,'19:17:00'),(269,11,'08:51:00'),(270,10,'19:18:00'),(270,11,'08:51:00'),(271,10,'19:19:00'),(271,11,'08:50:00'),(272,10,'19:19:00'),(272,11,'08:50:00'),(273,10,'19:20:00'),(273,11,'08:49:00'),(274,10,'19:22:00'),(274,11,'08:47:00'),(275,10,'19:26:00'),(275,11,'08:44:00'),(276,10,'19:28:00'),(276,11,'08:42:00'),(277,10,'19:30:00'),(277,11,'08:40:00'),(278,10,'19:31:00'),(278,11,'08:39:00'),(279,10,'19:34:00'),(279,11,'08:37:00'),(280,10,'19:36:00'),(280,11,'08:36:00'),(281,10,'19:37:00'),(281,11,'08:35:00'),(282,10,'19:38:00'),(282,11,'08:34:00'),(283,10,'19:43:00'),(283,11,'08:29:00'),(284,10,'19:47:00'),(284,11,'08:25:00'),(285,10,'19:48:00'),(285,11,'08:24:00'),(286,10,'19:49:00'),(286,11,'08:23:00'),(287,10,'19:50:00'),(287,11,'08:22:00'),(288,10,'19:53:00'),(288,11,'08:19:00'),(289,10,'20:00:00'),(289,11,'08:12:00'),(290,10,'20:00:00'),(290,11,'08:12:00'),(291,10,'20:08:00'),(291,11,'08:04:00'),(292,10,'20:12:00'),(292,11,'08:00:00'),(293,16,'18:30:00'),(293,17,'08:34:00'),(294,16,'18:36:00'),(294,17,'08:29:00'),(295,16,'18:37:00'),(295,17,'08:28:00'),(296,16,'18:38:00'),(296,17,'08:28:00'),(297,16,'18:39:00'),(297,17,'08:27:00'),(298,16,'18:39:00'),(298,17,'08:27:00'),(299,16,'18:40:00'),(299,17,'08:26:00'),(300,16,'18:42:00'),(300,17,'08:24:00'),(301,16,'18:46:00'),(301,17,'08:21:00'),(302,16,'18:48:00'),(302,17,'08:19:00'),(303,16,'18:50:00'),(303,17,'08:17:00'),(304,16,'18:51:00'),(304,17,'08:16:00'),(305,16,'18:54:00'),(305,17,'08:14:00'),(306,16,'18:56:00'),(306,17,'08:13:00'),(307,16,'18:57:00'),(307,17,'08:12:00'),(308,16,'18:59:00'),(308,17,'08:10:00'),(309,16,'19:02:00'),(309,17,'08:07:00'),(310,16,'19:06:00'),(310,17,'08:03:00'),(311,16,'19:09:00'),(311,17,'08:00:00'),(312,16,'19:10:00'),(312,17,'07:59:00'),(313,16,'19:12:00'),(313,17,'07:57:00'),(314,16,'19:15:00'),(314,17,'07:54:00'),(315,16,'19:16:00'),(315,17,'07:53:00'),(316,16,'19:19:00'),(316,17,'07:50:00'),(317,16,'19:20:00'),(317,17,'07:49:00'),(318,16,'19:21:00'),(318,17,'07:48:00'),(319,16,'19:21:00'),(319,17,'07:47:00'),(320,16,'19:21:00'),(320,17,'07:47:00'),(321,16,'19:24:00'),(321,17,'07:44:00'),(322,16,'19:24:00'),(322,17,'07:44:00'),(323,16,'19:25:00'),(323,17,'07:43:00'),(324,16,'19:27:00'),(324,17,'07:41:00'),(325,16,'19:30:00'),(325,17,'07:38:00'),(326,16,'19:37:00'),(326,17,'07:32:00'),(327,16,'19:38:00'),(327,17,'07:31:00'),(328,16,'19:39:00'),(328,17,'07:30:00');
/*!40000 ALTER TABLE `routestoptrip` ENABLE KEYS */;
UNLOCK TABLES;

--
-- Table structure for table `segment`
--

DROP TABLE IF EXISTS `segment`;
/*!40101 SET @saved_cs_client     = @@character_set_client */;
/*!40101 SET character_set_client = utf8 */;
CREATE TABLE `segment` (
  `from_stop_id` int(11) DEFAULT NULL,
  `to_stop_id` int(11) DEFAULT NULL,
  `distance` float DEFAULT NULL COMMENT 'Distance in meters or feet',
  `time` int(11) DEFAULT NULL,
  KEY `idx_segment_fstop` (`from_stop_id`),
  KEY `idx_segment_tstop` (`to_stop_id`),
  CONSTRAINT `segment_ibfk_1` FOREIGN KEY (`from_stop_id`) REFERENCES `stop` (`stop_id`),
  CONSTRAINT `segment_ibfk_2` FOREIGN KEY (`to_stop_id`) REFERENCES `stop` (`stop_id`)
) ENGINE=InnoDB DEFAULT CHARSET=latin1;
/*!40101 SET character_set_client = @saved_cs_client */;

--
-- Dumping data for table `segment`
--

LOCK TABLES `segment` WRITE;
/*!40000 ALTER TABLE `segment` DISABLE KEYS */;
INSERT INTO `segment` VALUES (1,84,3126,NULL),(84,2,848,NULL),(2,4,862,NULL),(4,6,875,NULL),(6,8,280,NULL),(8,10,854,NULL),(10,12,1350,NULL),(12,14,1745,NULL),(14,17,941,NULL),(17,19,724,NULL),(19,20,1669,NULL),(85,1,2836,NULL),(3,85,850,NULL),(5,3,450,NULL),(7,5,799,NULL),(9,7,419,NULL),(11,9,827,NULL),(13,11,1292,NULL),(15,13,1772,NULL),(16,15,854,NULL),(18,16,754,NULL),(20,18,1308,NULL),(1,108,3339,NULL),(108,1383,819,NULL),(1383,110,2820,NULL),(110,111,1190,NULL),(111,113,373,NULL),(113,114,887,NULL),(114,116,481,NULL),(116,119,888,NULL),(119,121,1828,NULL),(121,123,608,NULL),(123,125,608,NULL),(125,127,1063,NULL),(127,129,547,NULL),(129,169,5629,NULL),(169,131,689,NULL),(131,133,1291,NULL),(133,174,748,NULL),(174,777,568,NULL),(777,1139,968,NULL),(1139,175,1544,NULL),(175,177,528,NULL),(177,179,538,NULL),(179,181,795,NULL),(181,905,782,NULL),(905,184,253,NULL),(184,185,383,NULL),(185,187,516,NULL),(187,190,3088,NULL),(190,192,1780,NULL),(192,194,494,NULL),(194,775,725,NULL),(775,195,1786,NULL),(107,1,2761,NULL),(1384,107,798,NULL),(109,1384,1472,NULL),(112,109,1426,NULL),(113,112,685,NULL),(115,113,1195,NULL),(117,115,496,NULL),(118,117,860,NULL),(120,118,1958,NULL),(122,120,508,NULL),(124,122,629,NULL),(126,124,1057,NULL),(128,126,546,NULL),(168,128,5645,NULL),(130,168,700,NULL),(132,130,1274,NULL),(174,132,3557,NULL),(776,174,738,NULL),(1140,776,989,NULL),(176,1140,1507,NULL),(178,176,3396,NULL),(180,178,562,NULL),(182,180,764,NULL),(183,182,775,NULL),(183,183,0,NULL),(186,183,615,NULL),(188,186,479,NULL),(189,188,3114,NULL),(191,189,1784,NULL),(193,191,490,NULL),(774,193,734,NULL),(196,774,1705,NULL),(1,107,3355,NULL),(107,1383,800,NULL),(108,1,2745,NULL),(1384,108,816,NULL),(119,120,1924,NULL),(120,123,511,NULL),(121,118,1862,NULL),(122,121,605,NULL),(133,134,765,NULL),(135,132,652,NULL),(134,136,919,NULL),(136,172,720,NULL),(172,170,555,NULL),(137,135,972,NULL),(173,137,735,NULL),(171,173,543,NULL),(170,1393,467,NULL),(1393,1391,1635,NULL),(1392,171,478,NULL),(1390,1392,1618,NULL),(1391,138,979,NULL),(139,1390,956,NULL),(138,140,679,NULL),(140,142,1633,NULL),(142,144,317,NULL),(144,165,531,NULL),(165,146,1112,NULL),(146,148,696,NULL),(148,151,384,NULL),(141,139,710,NULL),(143,141,1613,NULL),(145,143,303,NULL),(166,145,522,NULL),(147,166,1123,NULL),(149,147,695,NULL),(150,149,386,NULL),(151,152,413,NULL),(152,163,1219,NULL),(152,150,411,NULL),(164,152,1237,NULL),(144,146,1647,NULL),(165,163,3824,NULL),(152,165,2605,NULL),(147,145,1645,NULL),(164,166,3853,NULL),(166,152,2615,NULL),(1,160,32492,NULL),(159,1,31866,NULL),(160,110,26883,NULL),(1383,160,28335,NULL),(110,112,1171,NULL),(109,159,26909,NULL),(159,1384,28320,NULL),(111,109,1426,NULL),(112,113,688,NULL),(113,111,385,NULL),(1393,1390,1629,NULL),(1391,1392,1629,NULL),(1390,138,986,NULL),(139,1391,946,NULL),(160,112,25960,NULL),(111,159,26022,NULL),(152,154,642,NULL),(154,163,866,NULL),(153,152,581,NULL),(164,153,936,NULL),(163,161,483,NULL),(161,156,519,NULL),(162,164,468,NULL),(155,162,515,NULL),(156,158,1713,NULL),(158,160,1142,NULL),(157,155,1713,NULL),(159,157,1153,NULL),(1,245,5889,NULL),(245,198,3855,NULL),(198,199,342,NULL),(199,246,1036,NULL),(246,201,624,NULL),(201,203,2635,NULL),(203,252,992,NULL),(252,207,2618,NULL),(207,211,1058,NULL),(211,365,714,NULL),(365,214,1158,NULL),(214,216,1780,NULL),(216,217,2641,NULL),(217,220,2023,NULL),(220,222,1006,NULL),(222,406,1701,NULL),(406,224,2748,NULL),(224,225,1501,NULL),(225,226,1371,NULL),(226,969,153,NULL),(969,407,800,NULL),(407,934,1385,NULL),(934,411,3293,NULL),(411,414,591,NULL),(414,1069,590,NULL),(1069,410,622,NULL),(410,759,372,NULL),(759,1068,3502,NULL),(1068,758,905,NULL),(758,951,753,NULL),(951,756,787,NULL),(756,754,2237,NULL),(754,752,1731,NULL),(752,731,851,NULL),(731,195,8738,NULL),(244,1,5604,NULL),(197,244,2792,NULL),(199,197,805,NULL),(246,199,1670,NULL),(200,246,605,NULL),(202,200,2615,NULL),(251,202,1010,NULL),(206,251,2447,NULL),(210,206,1078,NULL),(364,210,730,NULL),(213,364,1137,NULL),(215,213,1811,NULL),(218,215,2524,NULL),(1395,218,1725,NULL),(1394,1395,876,NULL),(405,1394,1531,NULL),(223,405,2752,NULL),(225,223,1498,NULL),(226,225,1371,NULL),(969,226,153,NULL),(408,969,754,NULL),(933,408,1372,NULL),(412,933,3254,NULL),(413,412,588,NULL),(1070,413,589,NULL),(409,1070,618,NULL),(760,409,343,NULL),(1067,760,3495,NULL),(757,1067,900,NULL),(950,757,740,NULL),(755,950,792,NULL),(753,755,2272,NULL),(751,753,1715,NULL),(732,751,819,NULL),(196,732,8714,NULL),(152,151,407,NULL),(151,148,381,NULL),(148,146,698,NULL),(146,441,1692,NULL),(441,913,3071,NULL),(913,911,2694,NULL),(911,909,4431,NULL),(909,907,1823,NULL),(907,178,4024,NULL),(178,180,3450,NULL),(180,182,969,NULL),(182,905,2339,NULL),(905,186,611,NULL),(186,188,479,NULL),(188,190,3109,NULL),(775,196,1925,NULL),(196,731,698,NULL),(731,733,5532,NULL),(733,804,331,NULL),(804,805,253,NULL),(805,806,788,NULL),(806,801,97,NULL),(801,807,446,NULL),(807,490,4447,NULL),(490,674,2022,NULL),(674,671,799,NULL),(671,668,1972,NULL),(668,667,2181,NULL),(667,666,3741,NULL),(666,738,757,NULL),(738,1047,3196,NULL),(1047,1048,2959,NULL),(1048,727,1672,NULL),(727,730,1271,NULL),(730,698,539,NULL),(698,664,9068,NULL),(664,639,902,NULL),(639,641,341,NULL),(641,662,1731,NULL),(662,960,1044,NULL),(960,660,1478,NULL),(660,650,5224,NULL),(150,152,407,NULL),(149,150,382,NULL),(147,149,697,NULL),(442,147,1630,NULL),(912,442,3123,NULL),(910,912,2676,NULL),(908,910,4575,NULL),(906,908,1857,NULL),(177,906,3683,NULL),(179,177,620,NULL),(181,179,1716,NULL),(183,181,2332,NULL),(185,183,572,NULL),(187,185,503,NULL),(189,187,3094,NULL),(195,774,1862,NULL),(732,195,704,NULL),(734,732,6209,NULL),(804,734,897,NULL),(805,804,436,NULL),(806,805,835,NULL),(801,806,1077,NULL),(807,801,1035,NULL),(489,807,4437,NULL),(674,489,2027,NULL),(670,674,790,NULL),(669,670,1958,NULL),(667,669,2195,NULL),(665,667,3732,NULL),(737,665,771,NULL),(1046,737,3184,NULL),(1049,1046,2959,NULL),(728,1049,1667,NULL),(729,728,1313,NULL),(697,729,524,NULL),(663,697,9061,NULL),(639,663,890,NULL),(640,639,317,NULL),(661,640,1711,NULL),(959,661,1018,NULL),(659,959,1473,NULL),(649,659,5229,NULL),(10,13,1404,NULL),(13,14,2363,NULL),(14,19,1544,NULL),(20,87,1115,NULL),(87,89,2752,NULL),(89,91,1650,NULL),(91,93,1027,NULL),(93,95,1171,NULL),(95,97,2387,NULL),(97,98,1997,NULL),(98,101,2270,NULL),(101,102,548,NULL),(102,745,749,NULL),(745,104,482,NULL),(104,106,1823,NULL),(106,428,3461,NULL),(428,560,1051,NULL),(560,551,3046,NULL),(551,556,4865,NULL),(556,557,1597,NULL),(12,11,1370,NULL),(15,12,1760,NULL),(18,15,1632,NULL),(86,20,956,NULL),(88,86,2767,NULL),(90,88,1662,NULL),(92,90,1003,NULL),(94,92,1175,NULL),(1260,94,2392,NULL),(99,1260,1976,NULL),(100,99,2270,NULL),(103,100,549,NULL),(746,103,756,NULL),(105,746,492,NULL),(106,105,2141,NULL),(427,106,3504,NULL),(559,427,1132,NULL),(550,559,3029,NULL),(555,550,4848,NULL),(429,555,1601,NULL),(650,648,5813,NULL),(648,1045,1217,NULL),(1045,646,2568,NULL),(646,904,2553,NULL),(904,645,3044,NULL),(647,649,5818,NULL),(1044,647,1190,NULL),(646,1044,2475,NULL),(903,646,2556,NULL),(644,903,3045,NULL),(214,247,1933,NULL),(247,249,1641,NULL),(249,254,1086,NULL),(254,256,1162,NULL),(256,258,1094,NULL),(258,260,2978,NULL),(260,262,1936,NULL),(262,61,1787,NULL),(61,59,824,NULL),(59,63,1632,NULL),(63,65,1619,NULL),(65,67,2161,NULL),(67,68,888,NULL),(68,70,1103,NULL),(70,72,413,NULL),(72,74,693,NULL),(74,76,992,NULL),(76,78,1645,NULL),(78,457,1936,NULL),(457,80,2648,NULL),(80,82,1057,NULL),(82,83,533,NULL),(248,213,1958,NULL),(250,248,1631,NULL),(253,250,1231,NULL),(255,253,1153,NULL),(257,255,1120,NULL),(259,257,2982,NULL),(261,259,1931,NULL),(60,261,1767,NULL),(59,60,816,NULL),(62,59,1616,NULL),(64,62,508,NULL),(66,64,2145,NULL),(68,66,850,NULL),(69,68,1083,NULL),(71,69,394,NULL),(73,71,700,NULL),(75,73,997,NULL),(77,75,1625,NULL),(456,77,1938,NULL),(79,456,2612,NULL),(81,79,1095,NULL),(83,81,526,NULL),(14,266,1253,NULL),(266,16,1415,NULL),(16,19,685,NULL),(87,22,962,NULL),(22,227,778,NULL),(227,275,2936,NULL),(275,277,2417,NULL),(277,279,921,NULL),(279,281,622,NULL),(281,299,638,NULL),(299,284,1831,NULL),(284,567,3577,NULL),(567,1267,494,NULL),(1267,375,4186,NULL),(375,296,2235,NULL),(265,15,1241,NULL),(17,265,1429,NULL),(18,17,771,NULL),(21,86,944,NULL),(228,21,827,NULL),(276,228,2950,NULL),(278,276,2415,NULL),(280,278,920,NULL),(282,280,615,NULL),(299,282,620,NULL),(283,299,1840,NULL),(566,283,3582,NULL),(1266,566,479,NULL),(374,1266,4187,NULL),(295,374,2239,NULL),(22,24,1271,NULL),(24,26,1721,NULL),(26,28,2236,NULL),(28,30,1593,NULL),(30,32,925,NULL),(32,34,1214,NULL),(34,35,1746,NULL),(35,37,586,NULL),(37,39,1665,NULL),(39,41,738,NULL),(41,1295,808,NULL),(1295,43,495,NULL),(43,45,273,NULL),(45,47,1525,NULL),(47,49,247,NULL),(49,50,527,NULL),(50,52,1172,NULL),(52,54,1665,NULL),(54,56,3502,NULL),(56,58,776,NULL),(58,59,530,NULL),(23,21,1259,NULL),(25,23,1821,NULL),(27,25,2217,NULL),(29,27,1619,NULL),(31,29,909,NULL),(33,31,1222,NULL),(35,33,1742,NULL),(36,35,586,NULL),(38,36,1662,NULL),(40,38,715,NULL),(1294,40,809,NULL),(42,1294,504,NULL),(44,42,260,NULL),(46,44,1538,NULL),(48,46,228,NULL),(50,48,543,NULL),(51,50,1243,NULL),(53,51,1677,NULL),(55,53,3488,NULL),(57,55,792,NULL),(59,57,525,NULL),(184,183,216,NULL),(186,184,398,NULL);
/*!40000 ALTER TABLE `segment` ENABLE KEYS */;
UNLOCK TABLES;

--
-- Table structure for table `session`
--

DROP TABLE IF EXISTS `session`;
/*!40101 SET @saved_cs_client     = @@character_set_client */;
/*!40101 SET character_set_client = utf8 */;
CREATE TABLE `session` (
  `date` date DEFAULT NULL,
  `time` time DEFAULT NULL,
  `session_id` int(11) NOT NULL AUTO_INCREMENT,
  `user_id` int(11) DEFAULT NULL,
  PRIMARY KEY (`session_id`),
  KEY `user_id` (`user_id`),
  CONSTRAINT `session_ibfk_1` FOREIGN KEY (`user_id`) REFERENCES `user` (`user_id`)
) ENGINE=InnoDB DEFAULT CHARSET=latin1;
/*!40101 SET character_set_client = @saved_cs_client */;

--
-- Dumping data for table `session`
--

LOCK TABLES `session` WRITE;
/*!40000 ALTER TABLE `session` DISABLE KEYS */;
/*!40000 ALTER TABLE `session` ENABLE KEYS */;
UNLOCK TABLES;

--
-- Table structure for table `stage`
--

DROP TABLE IF EXISTS `stage`;
/*!40101 SET @saved_cs_client     = @@character_set_client */;
/*!40101 SET character_set_client = utf8 */;
CREATE TABLE `stage` (
  `stage_id` int(11) NOT NULL AUTO_INCREMENT,
  `stage_name` varchar(255) DEFAULT NULL,
  `route_id` int(11) DEFAULT NULL,
  PRIMARY KEY (`stage_id`),
  KEY `idx_stage_route` (`route_id`),
  CONSTRAINT `stage_ibfk_1` FOREIGN KEY (`route_id`) REFERENCES `route` (`route_id`)
) ENGINE=InnoDB AUTO_INCREMENT=173 DEFAULT CHARSET=latin1;
/*!40101 SET character_set_client = @saved_cs_client */;

--
-- Dumping data for table `stage`
--

LOCK TABLES `stage` WRITE;
/*!40000 ALTER TABLE `stage` DISABLE KEYS */;
INSERT INTO `stage` VALUES (1,'Panaji',1),(2,'Teen Building',1),(3,'Porvorim Copel',1),(4,'Porvorim Vadakade',1),(5,'Guirim',1),(6,'Mapusa',1),(7,'Panaji',2),(8,'St. Cruz',2),(9,'GMC Bambolim',2),(10,'Bambolim Workshop',2),(11,'Shirdon',2),(12,'Goa Velha',2),(13,'Pillar',2),(14,'Agassaim',2),(15,'Cortalim',2),(16,'Fazanter',2),(17,'Titan',2),(18,'Verna',2),(19,'Servalim',2),(20,'Agnel Ashram',2),(21,'Nuvem',2),(22,'Margao',2),(23,'Panaji',3),(24,'St. Cruz',3),(25,'Bamboli',3),(26,'Bamboli W/S',3),(27,'Shirdao',3),(28,'Goa Velha',3),(29,'Pillar',3),(30,'Agassaim',3),(31,'Cortalim',3),(32,'Sancoale',3),(33,'Sancoale Zareer',3),(34,'Zuyar St. Jacento Island',3),(35,'Dabolim',3),(36,'Chicalim',3),(37,'Vaddem',3),(38,'Goa Shipyard',3),(39,'Vasco',3),(40,'Panaji',4),(41,'St. Cruz',4),(42,'Bamboli',4),(43,'Bamboli W/S',4),(44,'Shirdona',4),(45,'Goa Velha',4),(46,'Pillar',4),(47,'Agassaim',4),(48,'Cortalim',4),(49,'Sancoale',4),(50,'Sancoale',4),(51,'Sancoale',4),(52,'Sancoale Zareer',4),(53,'Zuyar St. Jacinto Island',4),(54,'Dabolim',4),(55,'Chicalim',4),(56,'Vaddem Lake',4),(57,'Vaddem Lake',4),(58,'Vaddem Lake',4),(59,'Vasco Da Gama Bus Stand',4),(60,'Vaddem Lake',4),(61,'Vasco Da Gama Bus Stand',4),(62,'Vaddem Lake',4),(63,'Vasco Da Gama Bus Stand',4),(64,'Vasco I.O.C',4),(65,'Vaddem Lake',4),(66,'Vasco Da Gama Bus Stand',4),(67,'Vasco I.O.C',4),(68,'Vasco Sada',4),(69,'Vasco Harbour',4),(70,'New Stage',5),(71,'PANAJI',5),(72,'RIBANDAR PATTO',5),(73,'OLD GOA BAIGINI',5),(74,'CORLIM INDUSTRIAL ESTATE',5),(75,'BANASTARIM',5),(76,'BOMA',5),(77,'KUNDAIM INDUSTRIAL ESTATE',5),(78,'MANGESHI',5),(79,'FARMAGUDI',5),(80,'PONDA BUSSTAND',5),(81,'DHAVLI',5),(82,'BORIM',5),(83,'AMBORA',5),(84,'RAIA',5),(85,'FATORDA',5),(86,'MARGAO BUSSTAND',5),(87,'New Stage',6),(88,'VASCO BUSSTAND',6),(89,'CHICALIM',6),(90,'DABOLIM',6),(91,'ZUARINAGER',6),(92,'VERNA INDUSTRIAL ESTATE',6),(93,'VERNA',6),(94,'VERNA AGNEL ASHRAM',6),(95,'NUVEM',6),(96,'MARGAO BUSSTAND',6),(97,'NAVELIM',6),(98,'CHINCHINIM JUNCTION',6),(99,'PAZARKONI',6),(100,'CUNCOLIM BUSSTAND',6),(101,'BALLI',6),(102,'PADDI',6),(103,'BARCEM',6),(104,'GULLEM',6),(105,'CANCONA',6),(106,'POIGUINIM',6),(107,'PANAJI',7),(108,'PORVORIM',7),(109,'PORVORIM BAZAR',7),(110,'GUIRIM',7),(111,'MAPUSA',7),(112,'KARASWADA',7),(113,'COLVALE',7),(114,'DHARGAL',7),(115,'VALPE',7),(116,'MALPE',7),(117,'PERNEM',7),(118,'NAIBAG',7),(119,'PORASCADEM',7),(120,'UGEM',7),(121,'TORSEM',7),(122,'PATRADEVI',7),(123,'MARSHEM',6),(124,'LOLIEM',6),(125,'SHELLEN',6),(126,'POLLEM',6),(127,'PANAJI',8),(128,'RIBANDAR',8),(129,'OLD GOA',8),(130,'CORLIM',8),(131,'BANASTARI',8),(132,'TIVREM',8),(133,'MARCEL',8),(134,'CANDOLA',8),(135,'AMONA',8),(136,'NAVELI (NORTH)',8),(137,'KUDNE',8),(138,'SANKHALI',8),(139,'HARVALE',8),(140,'HONDA',8),(141,'SALELI',8),(142,'BHUIPAL',8),(143,'NANUS',8),(144,'VALPOI',8),(145,'PANJIM',9),(146,'PORVORIM',9),(147,'PORVORIM GULYAKADE',9),(148,'POVORIM WADAKADE',9),(149,'GUIRIM',9),(150,'MAPUSA',9),(151,'DULER',9),(152,'SIOLIM MAINA',9),(153,'SIOLIM',9),(154,'CHOPDEM',9),(155,'MORJIM',9),(156,'ASHWEM',9),(157,'MANDREM',9),(158,'PANJIM',10),(159,'PORVORIM',10),(160,'PORVORIM GULYAKADE',10),(161,'GUIRIM',10),(162,'MAPUSA',10),(163,'DULER',10),(164,'KARASWADA',10),(165,'TIVIM',10),(166,'ASSONORA',10),(167,'MULGAO',10),(168,'VALSHI',10),(169,'BICHOLIM',10),(170,'SARVAN',10),(171,'KARAPUR TISK',10),(172,'SANKHALI',10);
/*!40000 ALTER TABLE `stage` ENABLE KEYS */;
UNLOCK TABLES;

--
-- Table structure for table `stop`
--

DROP TABLE IF EXISTS `stop`;
/*!40101 SET @saved_cs_client     = @@character_set_client */;
/*!40101 SET character_set_client = utf8 */;
CREATE TABLE `stop` (
  `stop_id` int(11) NOT NULL AUTO_INCREMENT,
  `fleet_id` int(11) DEFAULT NULL COMMENT 'Fleet to which the stop belongs. This is always the Root Fleet',
  `latitude` float DEFAULT NULL,
  `longitude` float DEFAULT NULL,
  `name` varchar(255) DEFAULT NULL,
  `alias_name1` varchar(255) DEFAULT NULL,
  `alias_name2` varchar(255) DEFAULT NULL,
  `locality` varchar(500) DEFAULT NULL,
  `stop_loc_id` int(11) DEFAULT NULL,
  `peer_stop_id` int(11) DEFAULT NULL,
  `user_id` int(11) DEFAULT NULL,
  PRIMARY KEY (`stop_id`),
  KEY `fleet_id` (`fleet_id`),
  KEY `peer_stop_id` (`peer_stop_id`),
  KEY `user_id` (`user_id`),
  CONSTRAINT `stop_ibfk_1` FOREIGN KEY (`fleet_id`) REFERENCES `fleet` (`fleet_id`),
  CONSTRAINT `stop_ibfk_2` FOREIGN KEY (`peer_stop_id`) REFERENCES `stop` (`stop_id`),
  CONSTRAINT `stop_ibfk_3` FOREIGN KEY (`user_id`) REFERENCES `user` (`user_id`)
) ENGINE=InnoDB AUTO_INCREMENT=1396 DEFAULT CHARSET=latin1;
/*!40101 SET character_set_client = @saved_cs_client */;

--
-- Dumping data for table `stop`
--

LOCK TABLES `stop` WRITE;
/*!40000 ALTER TABLE `stop` DISABLE KEYS */;
INSERT INTO `stop` VALUES (1,2,15.4953,73.837,'Panaji',NULL,NULL,NULL,NULL,NULL,2),(2,2,15.5199,73.8285,'Teen Building',NULL,NULL,NULL,NULL,3,2),(3,2,15.5206,73.8292,'Teen Building',NULL,NULL,NULL,NULL,2,2),(4,2,15.5243,73.827,'Training College',NULL,NULL,NULL,NULL,5,2),(5,2,15.5244,73.8278,'Training College',NULL,NULL,NULL,NULL,4,2),(6,2,15.5312,73.825,'Gulyakade',NULL,NULL,NULL,NULL,7,2),(7,2,15.5319,73.8246,'Gulyakade',NULL,NULL,NULL,NULL,6,2),(8,2,15.534,73.8239,'Copel',NULL,NULL,NULL,NULL,9,2),(9,2,15.5344,73.824,'Copel',NULL,NULL,NULL,NULL,8,2),(10,2,15.5414,73.8215,'Vadakade',NULL,NULL,NULL,NULL,11,2),(11,2,15.5415,73.8216,'Vadakade',NULL,NULL,NULL,NULL,10,2),(12,2,15.5525,73.8174,'Porvorim Tisk',NULL,NULL,NULL,NULL,13,2),(13,2,15.5524,73.8176,'Porvorim Tisk',NULL,NULL,NULL,NULL,12,2),(14,2,15.5655,73.8083,'Guirim Cross',NULL,NULL,NULL,NULL,15,2),(15,2,15.5656,73.8084,'Guirim Cross',NULL,NULL,NULL,NULL,14,2),(16,2,15.5729,73.8064,'Green Park',NULL,NULL,NULL,NULL,17,2),(17,2,15.573,73.8067,'Green Park',NULL,NULL,NULL,NULL,16,2),(18,2,15.5791,73.8061,'Guirim Copel',NULL,NULL,NULL,NULL,19,2),(19,2,15.579,73.8062,'Guirim Copel',NULL,NULL,NULL,NULL,18,2),(20,2,15.5891,73.8101,'Mapusa',NULL,NULL,NULL,NULL,NULL,2),(21,2,15.602,73.8157,'Dhuler',NULL,NULL,NULL,NULL,22,2),(22,2,15.602,73.8156,'Dhuler',NULL,NULL,NULL,NULL,21,2),(23,2,15.6087,73.8237,'Karaswada',NULL,NULL,NULL,NULL,24,2),(24,2,15.6087,73.824,'Karaswada',NULL,NULL,NULL,NULL,23,2),(25,2,15.6187,73.8356,'Madel',NULL,NULL,NULL,NULL,26,2),(26,2,15.6186,73.8355,'Madel',NULL,NULL,NULL,NULL,25,2),(27,2,15.6225,73.8552,'Thivim',NULL,NULL,NULL,NULL,28,2),(28,2,15.6224,73.8554,'Thivim',NULL,NULL,NULL,NULL,27,2),(29,2,15.6264,73.8673,'Cansa Bodiem',NULL,NULL,NULL,NULL,30,2),(30,2,15.6263,73.8672,'Cansa Bodiem',NULL,NULL,NULL,NULL,29,2),(31,2,15.6268,73.8755,'Sirsaim',NULL,NULL,NULL,NULL,32,2),(32,2,15.6267,73.8755,'Sirsaim',NULL,NULL,NULL,NULL,31,2),(33,2,15.6222,73.8857,'Zarapkar Petrol Pump',NULL,NULL,NULL,NULL,34,2),(34,2,15.6221,73.8856,'Zarapkar Petrol Pump',NULL,NULL,NULL,NULL,33,2),(35,2,15.6192,73.9014,'Assnoda Bus Stand',NULL,NULL,NULL,NULL,NULL,2),(36,2,15.6202,73.9066,'Assnoda Paar',NULL,NULL,NULL,NULL,37,2),(37,2,15.6201,73.9065,'Assnoda Paar',NULL,NULL,NULL,NULL,36,2),(38,2,15.618,73.9211,'Tamda Rasta',NULL,NULL,NULL,NULL,39,2),(39,2,15.6179,73.921,'Tamda Rasta',NULL,NULL,NULL,NULL,38,2),(40,2,15.6147,73.9268,'Mulgao',NULL,NULL,NULL,NULL,41,2),(41,2,15.6146,73.9268,'Mulgao',NULL,NULL,NULL,NULL,40,2),(42,2,15.6054,73.9341,'Vaalshi',NULL,NULL,NULL,NULL,43,2),(43,2,15.6054,73.934,'Vaalshi',NULL,NULL,NULL,NULL,42,2),(44,2,15.6036,73.9356,'ITI Bicholim',NULL,NULL,NULL,NULL,45,2),(45,2,15.6035,73.9356,'ITI Bicholim',NULL,NULL,NULL,NULL,44,2),(46,2,15.5932,73.945,'Bordem',NULL,NULL,NULL,NULL,47,2),(47,2,15.5932,73.9449,'Bordem',NULL,NULL,NULL,NULL,46,2),(48,2,15.5915,73.9462,'Shantadurga Highschool',NULL,NULL,NULL,NULL,49,2),(49,2,15.5913,73.9461,'Shantadurga Highschool',NULL,NULL,NULL,NULL,48,2),(50,2,15.5886,73.9497,'Bicholim Bus Stand',NULL,NULL,NULL,NULL,NULL,2),(51,2,15.5847,73.9597,'Bicholim Hospital',NULL,NULL,NULL,NULL,52,2),(52,2,15.5846,73.9597,'Bicholim Hospital',NULL,NULL,NULL,NULL,51,2),(53,2,15.5789,73.9738,'Sarvan Cross',NULL,NULL,NULL,NULL,54,2),(54,2,15.5788,73.9737,'Sarvan Cross',NULL,NULL,NULL,NULL,53,2),(55,2,15.568,74.0028,'Karapur Tisk',NULL,NULL,NULL,NULL,56,2),(56,2,15.5678,74.0028,'Karapur Tisk',NULL,NULL,NULL,NULL,55,2),(57,2,15.5651,74.0092,'Datt Mandir',NULL,NULL,NULL,NULL,58,2),(58,2,15.565,74.009,'Datt Mandir',NULL,NULL,NULL,NULL,57,2),(59,2,15.5615,74.0099,'Sakhali Bus Stand',NULL,NULL,NULL,NULL,NULL,2),(60,2,15.5576,74.0159,'Sakhali Hospital',NULL,NULL,NULL,NULL,61,2),(61,2,15.5574,74.0159,'Sakhali Hospital',NULL,NULL,NULL,NULL,60,2),(62,2,15.557,74.0227,'Housing Board',NULL,NULL,NULL,NULL,63,2),(63,2,15.5568,74.0228,'Housing Board',NULL,NULL,NULL,NULL,62,2),(64,2,15.555,74.0269,'Harvale',NULL,NULL,NULL,NULL,65,2),(65,2,15.5549,74.027,'Harvale',NULL,NULL,NULL,NULL,64,2),(66,2,15.5484,74.0449,'Honda Market',NULL,NULL,NULL,NULL,67,2),(67,2,15.5482,74.0447,'Honda Market',NULL,NULL,NULL,NULL,66,2),(68,2,15.5462,74.0522,'Honda Bus Stand',NULL,NULL,NULL,NULL,NULL,2),(69,2,15.542,74.0593,'Vadakade Honda',NULL,NULL,NULL,NULL,70,2),(70,2,15.5418,74.0594,'Vadakade Honda',NULL,NULL,NULL,NULL,69,2),(71,2,15.543,74.0627,'ACGL Honda',NULL,NULL,NULL,NULL,72,2),(72,2,15.5429,74.0627,'ACGL Honda',NULL,NULL,NULL,NULL,71,2),(73,2,15.5447,74.0688,'Saleli Cross',NULL,NULL,NULL,NULL,74,2),(74,2,15.5446,74.0687,'Saleli Cross',NULL,NULL,NULL,NULL,73,2),(75,2,15.5424,74.0777,'ACGL Bhuipal',NULL,NULL,NULL,NULL,76,2),(76,2,15.5423,74.0776,'ACGL Bhuipal',NULL,NULL,NULL,NULL,75,2),(77,2,15.5369,74.0913,'Kumarkhan',NULL,NULL,NULL,NULL,78,2),(78,2,15.5368,74.0913,'Kumarkhan',NULL,NULL,NULL,NULL,77,2),(79,2,15.527,74.1285,'Nanus Cross',NULL,NULL,NULL,NULL,80,2),(80,2,15.5269,74.1288,'Nanus Cross',NULL,NULL,NULL,NULL,79,2),(81,2,15.531,74.137,'Valpoi Bazaar',NULL,NULL,NULL,NULL,82,2),(82,2,15.5309,74.137,'Valpoi Bazaar',NULL,NULL,NULL,NULL,81,2),(83,2,15.5329,74.1414,'Valpoi Bus Stand',NULL,NULL,NULL,NULL,NULL,2),(84,2,15.5158,73.8345,'Pundalik Nagar',NULL,NULL,NULL,NULL,85,2),(85,2,15.5159,73.8346,'Pundalik Nagar',NULL,NULL,NULL,NULL,84,2),(86,2,15.5938,73.8142,'Mapusa Court',NULL,NULL,NULL,NULL,87,2),(87,2,15.5936,73.8142,'Mapusa Court',NULL,NULL,NULL,NULL,86,2),(88,2,15.6137,73.8228,'Karaswada IDC',NULL,NULL,NULL,NULL,89,2),(89,2,15.6137,73.8229,'Karaswada IDC',NULL,NULL,NULL,NULL,88,2),(90,2,15.628,73.8256,'Colvale Housing Board',NULL,NULL,NULL,NULL,91,2),(91,2,15.6278,73.8256,'Colvale Housing Board',NULL,NULL,NULL,NULL,90,2),(92,2,15.6358,73.8303,'Binani',NULL,NULL,NULL,NULL,93,2),(93,2,15.6358,73.8304,'Binani',NULL,NULL,NULL,NULL,92,2),(94,2,15.6451,73.8348,'Colvale Char Rasta',NULL,NULL,NULL,NULL,95,2),(95,2,15.6451,73.8349,'Colvale Char Rasta',NULL,NULL,NULL,NULL,94,2),(96,2,15.6664,73.8388,'Don Khambe',NULL,NULL,NULL,NULL,NULL,2),(97,2,15.6657,73.8386,'Don Khambe',NULL,NULL,NULL,NULL,1260,2),(98,2,15.6824,73.8339,'Suke Kuran',NULL,NULL,NULL,NULL,99,2),(99,2,15.6825,73.834,'Suke Kuran',NULL,NULL,NULL,NULL,98,2),(100,2,15.6993,73.823,'Valpe',NULL,NULL,NULL,NULL,101,2),(101,2,15.6993,73.823,'Valpe',NULL,NULL,NULL,NULL,100,2),(102,2,15.703,73.8196,'Govt College',NULL,NULL,NULL,NULL,103,2),(103,2,15.7031,73.8197,'Govt College',NULL,NULL,NULL,NULL,102,2),(104,2,15.7113,73.812,'Malpe',NULL,NULL,NULL,NULL,105,2),(105,2,15.7114,73.8121,'Malpe',NULL,NULL,NULL,NULL,104,2),(106,2,15.7163,73.7992,'Pedne Bus Stand',NULL,NULL,NULL,NULL,NULL,2),(107,2,15.4787,73.8486,'St. Cruz',NULL,NULL,NULL,NULL,108,2),(108,2,15.4788,73.8484,'St. Cruz',NULL,NULL,NULL,NULL,107,2),(109,2,15.4654,73.8583,'GMC Bambolim',NULL,NULL,NULL,NULL,110,2),(110,2,15.4647,73.8581,'GMC Bambolim',NULL,NULL,NULL,NULL,109,2),(111,2,15.465,73.8657,'Military Camp',NULL,NULL,NULL,NULL,112,2),(112,2,15.465,73.8656,'Military Camp',NULL,NULL,NULL,NULL,111,2),(113,2,15.4617,73.8663,'Curca',NULL,NULL,NULL,NULL,NULL,2),(114,2,15.454,73.8651,'Workshop Bambolim',NULL,NULL,NULL,NULL,115,2),(115,2,15.4542,73.8651,'Workshop Bambolim',NULL,NULL,NULL,NULL,114,2),(116,2,15.4505,73.8626,'CPWD',NULL,NULL,NULL,NULL,117,2),(117,2,15.4506,73.8625,'CPWD',NULL,NULL,NULL,NULL,116,2),(118,2,15.4444,73.8646,'Shirdon',NULL,NULL,NULL,NULL,119,2),(119,2,15.4443,73.8646,'Shirdon',NULL,NULL,NULL,NULL,118,2),(120,2,15.4419,73.8808,'Goa Velha',NULL,NULL,NULL,NULL,121,2),(121,2,15.4418,73.8799,'Goa Velha',NULL,NULL,NULL,NULL,120,2),(122,2,15.4416,73.8855,'Sojikade',NULL,NULL,NULL,NULL,123,2),(123,2,15.4415,73.8855,'Sojikade',NULL,NULL,NULL,NULL,122,2),(124,2,15.4395,73.8909,'Pillar',NULL,NULL,NULL,NULL,125,2),(125,2,15.4395,73.8907,'Pillar',NULL,NULL,NULL,NULL,124,2),(126,2,15.4326,73.897,'Chichekade',NULL,NULL,NULL,NULL,127,2),(127,2,15.4325,73.8969,'Chichekade',NULL,NULL,NULL,NULL,126,2),(128,2,15.4279,73.8984,'Agacaim Mkt',NULL,NULL,NULL,NULL,129,2),(129,2,15.4278,73.8983,'Agacaim Mkt',NULL,NULL,NULL,NULL,128,2),(130,2,15.4188,73.9036,'Agacaim Police Station',NULL,NULL,NULL,NULL,131,2),(131,2,15.4188,73.9034,'Agacaim Police Station',NULL,NULL,NULL,NULL,130,2),(132,2,15.4086,73.9068,'Hanuman Mandir Cortalim',NULL,NULL,NULL,NULL,133,2),(133,2,15.4086,73.9067,'Hanuman Mandir Cortalim',NULL,NULL,NULL,NULL,132,2),(134,2,15.4023,73.9077,'Cortalim Junction',NULL,NULL,NULL,NULL,135,2),(135,2,15.4029,73.9078,'Cortalim Junction',NULL,NULL,NULL,NULL,134,2),(136,2,15.402,73.8992,'Sankvale',NULL,NULL,NULL,NULL,137,2),(137,2,15.4021,73.8993,'Sankvale',NULL,NULL,NULL,NULL,136,2),(138,2,15.4016,73.8646,'Jacinto Island',NULL,NULL,NULL,NULL,139,2),(139,2,15.4017,73.8649,'Jacinto Island',NULL,NULL,NULL,NULL,138,2),(140,2,15.3981,73.8598,'Dabolim',NULL,NULL,NULL,NULL,141,2),(141,2,15.3982,73.8597,'Dabolim',NULL,NULL,NULL,NULL,140,2),(142,2,15.3982,73.8485,'Chikalim post',NULL,NULL,NULL,NULL,143,2),(143,2,15.3983,73.8484,'Chikalim post',NULL,NULL,NULL,NULL,142,2),(144,2,15.3976,73.8456,'Chikalim Panchayat',NULL,NULL,NULL,NULL,145,2),(145,2,15.3979,73.8457,'Chikalim Panchayat',NULL,NULL,NULL,NULL,144,2),(146,2,15.3991,73.8325,'Chikalim Junction',NULL,NULL,NULL,NULL,147,2),(147,2,15.3992,73.8325,'Chikalim Junction',NULL,NULL,NULL,NULL,146,2),(148,2,15.3988,73.8281,'Vaddem Lake',NULL,NULL,NULL,NULL,149,2),(149,2,15.3989,73.8282,'Vaddem Lake',NULL,NULL,NULL,NULL,148,2),(150,2,15.4002,73.8249,'Goa Shipyard',NULL,NULL,NULL,NULL,151,2),(151,2,15.4001,73.8249,'Goa Shipyard',NULL,NULL,NULL,NULL,150,2),(152,2,15.4002,73.821,'Vasco Kadamba Busstand',NULL,NULL,NULL,NULL,NULL,2),(153,2,15.3992,73.8168,'Vasco Church',NULL,NULL,NULL,NULL,154,2),(154,2,15.3992,73.8173,'Vasco Church',NULL,NULL,NULL,NULL,153,2),(155,2,15.4001,73.8045,'El Monte',NULL,NULL,NULL,NULL,156,2),(156,2,15.4001,73.8046,'El Monte',NULL,NULL,NULL,NULL,155,2),(157,2,15.4095,73.7948,'Sada Vasco',NULL,NULL,NULL,NULL,158,2),(158,2,15.4095,73.795,'Sada Vasco',NULL,NULL,NULL,NULL,157,2),(159,2,15.4129,73.7897,'Harbour Vasco',NULL,NULL,NULL,NULL,160,2),(160,2,15.4129,73.7898,'Harbour Vasco',NULL,NULL,NULL,NULL,159,2),(161,2,15.3968,73.8067,'Vasco I.O.C.',NULL,NULL,NULL,NULL,162,2),(162,2,15.397,73.8066,'Vasco I.O.C.',NULL,NULL,NULL,NULL,161,2),(163,2,15.398,73.811,'Vasco Market',NULL,NULL,NULL,NULL,164,2),(164,2,15.3981,73.8108,'Vasco Market',NULL,NULL,NULL,NULL,163,2),(165,2,15.3993,73.841,'Vasco Chicalim Church',NULL,NULL,NULL,NULL,166,2),(166,2,15.3994,73.8411,'Vasco Chicalim Church',NULL,NULL,NULL,NULL,165,2),(167,2,15.4396,73.891,'Pillar',NULL,NULL,NULL,NULL,NULL,2),(168,2,15.4224,73.901,'Agacaim Bypass',NULL,NULL,NULL,NULL,169,2),(169,2,15.4223,73.9009,'Agacaim Bypass',NULL,NULL,NULL,NULL,168,2),(170,2,15.4009,73.8886,'Sankvale Convent',NULL,NULL,NULL,NULL,171,2),(171,2,15.4011,73.8886,'Sankvale Convent',NULL,NULL,NULL,NULL,170,2),(172,2,15.4033,73.8929,'Sankvale Bakery',NULL,NULL,NULL,NULL,173,2),(173,2,15.4034,73.8928,'Sankvale Bakery',NULL,NULL,NULL,NULL,172,2),(174,2,15.4021,73.9082,'Cortalim Junction',NULL,NULL,NULL,NULL,NULL,2),(175,2,15.3809,73.9258,'Kesarval Garden Cortalim',NULL,NULL,NULL,NULL,176,2),(176,2,15.3812,73.9255,'Kesarval Garden Cortalim',NULL,NULL,NULL,NULL,175,2),(177,2,15.3762,73.9259,'Verna Birla Bypass',NULL,NULL,NULL,NULL,178,2),(178,2,15.3758,73.9255,'Verna Birla Bypass',NULL,NULL,NULL,NULL,177,2),(179,2,15.3714,73.9268,'Verna Titan',NULL,NULL,NULL,NULL,180,2),(180,2,15.3711,73.9266,'Verna Titan',NULL,NULL,NULL,NULL,179,2),(181,2,15.3643,73.9261,'Verna Hotel Maharaja',NULL,NULL,NULL,NULL,182,2),(182,2,15.3643,73.9259,'Verna Hotel Maharaja',NULL,NULL,NULL,NULL,181,2),(183,2,15.3578,73.9273,'Verna Pirni',NULL,NULL,NULL,NULL,905,2),(184,2,15.3561,73.928,'Verna Pirni',NULL,NULL,NULL,NULL,NULL,2),(185,2,15.3543,73.9306,'Verna Panchayat',NULL,NULL,NULL,NULL,186,2),(186,2,15.3538,73.9307,'Verna Panchayat',NULL,NULL,NULL,NULL,185,2),(187,2,15.3499,73.9311,'Verna Holy Church',NULL,NULL,NULL,NULL,188,2),(188,2,15.3496,73.9311,'Verna Holy Church',NULL,NULL,NULL,NULL,187,2),(189,2,15.3255,73.9367,'Verna Agnel Ashram',NULL,NULL,NULL,NULL,190,2),(190,2,15.3253,73.9366,'Verna Agnel Ashram',NULL,NULL,NULL,NULL,189,2),(191,2,15.3116,73.9442,'Verna Carmel College',NULL,NULL,NULL,NULL,192,2),(192,2,15.3116,73.9443,'Verna Carmel College',NULL,NULL,NULL,NULL,191,2),(193,2,15.308,73.9468,'Nuvem Church',NULL,NULL,NULL,NULL,194,2),(194,2,15.3079,73.9468,'Nuvem Church',NULL,NULL,NULL,NULL,193,2),(195,2,15.2874,73.9558,'Margao Kadamba Busstand',NULL,NULL,NULL,NULL,196,2),(196,2,15.2877,73.9549,'Margao Kadamba Busstand',NULL,NULL,NULL,NULL,195,2),(197,2,15.5039,73.8623,'Ribandar Patto',NULL,NULL,NULL,NULL,198,2),(198,2,15.5037,73.8625,'Ribandar Patto',NULL,NULL,NULL,NULL,197,2),(199,2,15.5058,73.8642,'Chodna Ferry',NULL,NULL,NULL,NULL,NULL,2),(200,2,15.5005,73.8775,'Divar Ferry',NULL,NULL,NULL,NULL,201,2),(201,2,15.5003,73.8776,'Divar Ferry',NULL,NULL,NULL,NULL,200,2),(202,2,15.5005,73.9014,'Old Goa Baingini',NULL,NULL,NULL,NULL,203,2),(203,2,15.5003,73.9018,'Old Goa Baingini',NULL,NULL,NULL,NULL,202,2),(204,2,15.5012,73.9147,'Old Goa',NULL,NULL,NULL,NULL,205,2),(205,2,15.501,73.9149,'Old Goa',NULL,NULL,NULL,NULL,204,2),(206,2,15.4966,73.9313,'Corlim Industrial Estate',NULL,NULL,NULL,NULL,207,2),(207,2,15.4965,73.9314,'Corlim Industrial Estate',NULL,NULL,NULL,NULL,206,2),(208,2,15.5064,73.9137,'Devade',NULL,NULL,NULL,NULL,209,2),(209,2,15.5091,73.9126,'Devade',NULL,NULL,NULL,NULL,208,2),(210,2,15.4935,73.9407,'Corlim Ciba',NULL,NULL,NULL,NULL,211,2),(211,2,15.4934,73.9407,'Corlim Ciba',NULL,NULL,NULL,NULL,210,2),(212,2,15.4902,73.9575,'Banastari',NULL,NULL,NULL,NULL,NULL,2),(213,2,15.49,73.9573,'Banastari',NULL,NULL,NULL,NULL,214,2),(214,2,15.4899,73.9576,'Banastari',NULL,NULL,NULL,NULL,213,2),(215,2,15.4753,73.9637,'Boma',NULL,NULL,NULL,NULL,216,2),(216,2,15.4753,73.9637,'Boma',NULL,NULL,NULL,NULL,215,2),(217,2,15.4557,73.9644,'Kundaim Industrial Estate',NULL,NULL,NULL,NULL,218,2),(218,2,15.457,73.9644,'Kundaim Industrial Estate',NULL,NULL,NULL,NULL,217,2),(219,2,15.4477,73.9702,'Mangeshi Temple',NULL,NULL,NULL,NULL,220,2),(220,2,15.4466,73.9718,'Mangeshi Temple',NULL,NULL,NULL,NULL,1395,2),(221,2,15.4415,73.9743,'Mardol',NULL,NULL,NULL,NULL,222,2),(222,2,15.4414,73.975,'Mardol',NULL,NULL,NULL,NULL,1394,2),(223,2,15.4136,73.9885,'Farmagudi',NULL,NULL,NULL,NULL,224,2),(224,2,15.4132,73.9883,'Farmagudi',NULL,NULL,NULL,NULL,223,2),(225,2,15.406,73.9976,'ponda Kadamba Busstand',NULL,NULL,NULL,NULL,NULL,2),(226,2,15.4004,74.0047,'Ponda Market',NULL,NULL,NULL,NULL,NULL,2),(227,2,15.6079,73.8124,'Xelpem Duler',NULL,NULL,NULL,NULL,228,2),(228,2,15.608,73.8126,'Xelpem Duler',NULL,NULL,NULL,NULL,227,2),(229,2,15.6149,73.8156,'Cunchelim',NULL,NULL,NULL,NULL,NULL,2),(230,2,15.6158,73.814,'Cunchelim',NULL,NULL,NULL,NULL,241,2),(231,2,15.6233,73.8123,'Tin Mad',NULL,NULL,NULL,NULL,232,2),(232,2,15.6233,73.8124,'Tin Mad',NULL,NULL,NULL,NULL,231,2),(233,2,15.6283,73.8134,'Garage Bypass Camurlim',NULL,NULL,NULL,NULL,234,2),(234,2,15.6283,73.8136,'Garage Bypass Camurlim',NULL,NULL,NULL,NULL,233,2),(235,2,15.6417,73.8165,'Power Grid Corporation Chicalim',NULL,NULL,NULL,NULL,236,2),(236,2,15.6416,73.8166,'Power Grid Corporation Chicalim',NULL,NULL,NULL,NULL,235,2),(237,2,15.6436,73.8168,'Charrasta Chicalim',NULL,NULL,NULL,NULL,238,2),(238,2,15.6435,73.8169,'Charrasta Chicalim',NULL,NULL,NULL,NULL,237,2),(239,2,15.6477,73.8169,'Chicalim Bardez',NULL,NULL,NULL,NULL,240,2),(240,2,15.6478,73.817,'Chicalim Bardez',NULL,NULL,NULL,NULL,239,2),(241,2,15.6157,73.8143,'Cunchelim',NULL,NULL,NULL,NULL,230,2),(242,2,15.6419,73.8109,'Gaonkarwada Camurlim',NULL,NULL,NULL,NULL,243,2),(243,2,15.642,73.8111,'Gaonkarwada Camurlim',NULL,NULL,NULL,NULL,242,2),(244,2,15.499,73.8383,'Panjim Ferry',NULL,NULL,NULL,NULL,245,2),(245,2,15.4989,73.8384,'Panjim Ferry',NULL,NULL,NULL,NULL,244,2),(246,2,15.502,73.8723,'Ribandar Police Sation',NULL,NULL,NULL,NULL,NULL,2),(247,2,15.5026,73.963,'Tivrem',NULL,NULL,NULL,NULL,248,2),(248,2,15.5028,73.9631,'Tivrem',NULL,NULL,NULL,NULL,247,2),(249,2,15.5159,73.9608,'Marcel Kadamba Bus Stand',NULL,NULL,NULL,NULL,250,2),(250,2,15.5158,73.9614,'Marcel Kadamba Bus Stand',NULL,NULL,NULL,NULL,249,2),(251,2,15.5021,73.9098,'Old Goa',NULL,NULL,NULL,NULL,252,2),(252,2,15.502,73.9098,'Old Goa',NULL,NULL,NULL,NULL,251,2),(253,2,15.5241,73.9656,'Khandola',NULL,NULL,NULL,NULL,254,2),(254,2,15.5241,73.9656,'Khandola',NULL,NULL,NULL,NULL,253,2),(255,2,15.5293,73.974,'Amona',NULL,NULL,NULL,NULL,256,2),(256,2,15.5292,73.9741,'Amona',NULL,NULL,NULL,NULL,255,2),(257,2,15.5293,73.9832,'Amona Junction',NULL,NULL,NULL,NULL,258,2),(258,2,15.5292,73.9834,'Amona Junction',NULL,NULL,NULL,NULL,257,2),(259,2,15.5301,74.0086,'Naveli Junction',NULL,NULL,NULL,NULL,260,2),(260,2,15.53,74.0087,'Naveli Junction',NULL,NULL,NULL,NULL,259,2),(261,2,15.544,74.0128,'Kudne',NULL,NULL,NULL,NULL,262,2),(262,2,15.544,74.0129,'Kudne',NULL,NULL,NULL,NULL,261,2),(263,2,15.5574,74.1594,'Nagargaon',NULL,NULL,NULL,NULL,264,2),(264,2,15.5576,74.1594,'Nagargaon',NULL,NULL,NULL,NULL,263,2),(265,2,15.57,73.8067,'Posrare',NULL,NULL,NULL,NULL,266,2),(266,2,15.57,73.8069,'Posrare',NULL,NULL,NULL,NULL,265,2),(267,2,15.7342,73.7451,'Devsu',NULL,NULL,NULL,NULL,268,2),(268,2,15.7342,73.7452,'Devsu',NULL,NULL,NULL,NULL,267,2),(269,2,15.7304,73.758,'Konadi',NULL,NULL,NULL,NULL,270,2),(270,2,15.7304,73.7581,'Konadi',NULL,NULL,NULL,NULL,269,2),(271,2,15.7268,73.7779,'Paraste',NULL,NULL,NULL,NULL,272,2),(272,2,15.7267,73.778,'Paraste',NULL,NULL,NULL,NULL,271,2),(273,2,15.7099,73.7516,'Korgao',NULL,NULL,NULL,NULL,274,2),(274,2,15.7099,73.7515,'Korgao',NULL,NULL,NULL,NULL,273,2),(275,2,15.6162,73.7907,'Marna',NULL,NULL,NULL,NULL,276,2),(276,2,15.6163,73.7906,'Marna',NULL,NULL,NULL,NULL,275,2),(277,2,15.6142,73.77,'Siolim Church',NULL,NULL,NULL,NULL,278,2),(278,2,15.6143,73.77,'Siolim Church',NULL,NULL,NULL,NULL,277,2),(279,2,15.6218,73.7684,'SFX HIGH SCHOOL',NULL,NULL,NULL,NULL,280,2),(280,2,15.6219,73.7685,'SFX HIGH SCHOOL',NULL,NULL,NULL,NULL,279,2),(281,2,15.6266,73.7661,'Siolim Bus Stop',NULL,NULL,NULL,NULL,282,2),(282,2,15.6267,73.7662,'Siolim Bus Stop',NULL,NULL,NULL,NULL,281,2),(283,2,15.6411,73.759,'Chopdem',NULL,NULL,NULL,NULL,284,2),(284,2,15.6409,73.759,'Chopdem',NULL,NULL,NULL,NULL,283,2),(285,2,15.6442,73.7608,'Agarwada',NULL,NULL,NULL,NULL,286,2),(286,2,15.6442,73.7609,'Agarwada',NULL,NULL,NULL,NULL,285,2),(287,2,15.6564,73.7653,'Chonsai',NULL,NULL,NULL,NULL,288,2),(288,2,15.6565,73.7654,'Chonsai',NULL,NULL,NULL,NULL,287,2),(289,2,15.671,73.7808,'Parcem',NULL,NULL,NULL,NULL,290,2),(290,2,15.671,73.781,'Parcem',NULL,NULL,NULL,NULL,289,2),(291,2,15.6667,73.734,'Dhandoswada',NULL,NULL,NULL,NULL,292,2),(292,2,15.6668,73.7341,'Dhandoswada',NULL,NULL,NULL,NULL,291,2),(293,2,15.6681,73.7135,'Junaswada',NULL,NULL,NULL,NULL,294,2),(294,2,15.6681,73.7136,'Junaswada',NULL,NULL,NULL,NULL,293,2),(295,2,15.6588,73.717,'Mandrem',NULL,NULL,NULL,NULL,296,2),(296,2,15.6588,73.7171,'Mandrem',NULL,NULL,NULL,NULL,295,2),(297,2,15.6442,73.7608,'Agarwada',NULL,NULL,NULL,NULL,298,2),(298,2,15.6443,73.7609,'Agarwada',NULL,NULL,NULL,NULL,297,2),(299,2,15.6318,73.7643,'Siolim Fish Market',NULL,NULL,NULL,NULL,NULL,2),(300,2,15.6618,73.734,'Askawada',NULL,NULL,NULL,NULL,301,2),(301,2,15.6619,73.7341,'Askawada',NULL,NULL,NULL,NULL,300,2),(302,2,15.6661,73.7223,'Deulwada',NULL,NULL,NULL,NULL,NULL,2),(303,2,15.6886,73.7123,'Harambol',NULL,NULL,NULL,NULL,304,2),(304,2,15.6885,73.7125,'Harambol',NULL,NULL,NULL,NULL,303,2),(305,2,15.671,73.7145,'Madlamaz',NULL,NULL,NULL,NULL,306,2),(306,2,15.6711,73.7144,'Madlamaz',NULL,NULL,NULL,NULL,305,2),(307,2,15.708,73.7208,'Paliyem',NULL,NULL,NULL,NULL,308,2),(308,2,15.708,73.721,'Paliyem',NULL,NULL,NULL,NULL,307,2),(309,2,15.7233,73.718,'Kiran Pani',NULL,NULL,NULL,NULL,310,2),(310,2,15.7235,73.718,'Kiran Pani',NULL,NULL,NULL,NULL,309,2),(311,2,15.7182,73.6921,'Keri',NULL,NULL,NULL,NULL,312,2),(312,2,15.7181,73.6922,'Keri',NULL,NULL,NULL,NULL,311,2),(313,2,15.659,73.8253,'Shirgalim',NULL,NULL,NULL,NULL,314,2),(314,2,15.659,73.8252,'Shirgalim',NULL,NULL,NULL,NULL,313,2),(315,2,15.658,73.8196,'Arabo',NULL,NULL,NULL,NULL,316,2),(316,2,15.658,73.8196,'Arabo',NULL,NULL,NULL,NULL,315,2),(317,2,15.6585,73.8063,'Tuem Cross',NULL,NULL,NULL,NULL,318,2),(318,2,15.6586,73.8063,'Tuem Cross',NULL,NULL,NULL,NULL,317,2),(319,2,15.6591,73.8131,'Palyem',NULL,NULL,NULL,NULL,320,2),(320,2,15.6592,73.8132,'Palyem',NULL,NULL,NULL,NULL,319,2),(321,2,15.6382,73.9235,'Nanoda',NULL,NULL,NULL,NULL,322,2),(322,2,15.6382,73.9235,'Nanoda',NULL,NULL,NULL,NULL,321,2),(323,2,15.6801,73.9687,'Dodamarg',NULL,NULL,NULL,NULL,324,2),(324,2,15.6802,73.9686,'Dodamarg',NULL,NULL,NULL,NULL,323,2),(325,2,15.6742,73.9628,'Kasarpal',NULL,NULL,NULL,NULL,326,2),(326,2,15.6741,73.9628,'Kasarpal',NULL,NULL,NULL,NULL,325,2),(327,2,15.6597,73.951,'Latambarcem',NULL,NULL,NULL,NULL,328,2),(328,2,15.6596,73.951,'Latambarcem',NULL,NULL,NULL,NULL,327,2),(329,2,15.9099,73.8215,'Sawantwadi Bus stand',NULL,NULL,NULL,NULL,NULL,2),(330,2,15.8804,73.8326,'Mazgao',NULL,NULL,NULL,NULL,331,2),(331,2,15.8804,73.8326,'Mazgao',NULL,NULL,NULL,NULL,330,2),(332,2,15.8279,73.8493,'Insuli Check Post',NULL,NULL,NULL,NULL,333,2),(333,2,15.8282,73.8494,'Insuli Check Post',NULL,NULL,NULL,NULL,332,2),(334,2,15.857,73.8151,'Kshetrapal',NULL,NULL,NULL,NULL,335,2),(335,2,15.8571,73.8152,'Kshetrapal',NULL,NULL,NULL,NULL,334,2),(336,2,15.8179,73.863,'Banda',NULL,NULL,NULL,NULL,337,2),(337,2,15.8182,73.8632,'Banda',NULL,NULL,NULL,NULL,336,2),(338,2,15.8234,73.8826,'Panval',NULL,NULL,NULL,NULL,339,2),(339,2,15.8235,73.8827,'Panval',NULL,NULL,NULL,NULL,338,2),(340,2,15.7941,73.9169,'Morgao',NULL,NULL,NULL,NULL,341,2),(341,2,15.7941,73.917,'Morgao',NULL,NULL,NULL,NULL,340,2),(342,2,15.7841,73.9197,'Adali',NULL,NULL,NULL,NULL,343,2),(343,2,15.784,73.9199,'Adali',NULL,NULL,NULL,NULL,342,2),(344,2,15.7003,73.9592,'Maneri',NULL,NULL,NULL,NULL,345,2),(345,2,15.7004,73.9594,'Maneri',NULL,NULL,NULL,NULL,344,2),(346,2,15.6977,73.8465,'Dadachiwadi',NULL,NULL,NULL,NULL,347,2),(347,2,15.6976,73.8465,'Dadachiwadi',NULL,NULL,NULL,NULL,346,2),(348,2,15.7065,73.8527,'Nagzer',NULL,NULL,NULL,NULL,349,2),(349,2,15.7064,73.8528,'Nagzer',NULL,NULL,NULL,NULL,348,2),(350,2,15.7111,73.8628,'Purva',NULL,NULL,NULL,NULL,351,2),(351,2,15.711,73.8629,'Purva',NULL,NULL,NULL,NULL,350,2),(352,2,15.7123,73.8747,'Casarvarnem',NULL,NULL,NULL,NULL,353,2),(353,2,15.7122,73.8748,'Casarvarnem',NULL,NULL,NULL,NULL,352,2),(354,2,15.7142,73.8795,'Bailpar',NULL,NULL,NULL,NULL,355,2),(355,2,15.714,73.8795,'Bailpar',NULL,NULL,NULL,NULL,354,2),(356,2,15.7216,73.8946,'Chandel',NULL,NULL,NULL,NULL,357,2),(357,2,15.7215,73.8947,'Chandel',NULL,NULL,NULL,NULL,356,2),(358,2,15.7439,73.9093,'Hasapur',NULL,NULL,NULL,NULL,359,2),(359,2,15.7436,73.9093,'Hasapur',NULL,NULL,NULL,NULL,358,2),(360,2,15.7317,73.9383,'Hankhane',NULL,NULL,NULL,NULL,361,2),(361,2,15.7316,73.9382,'Hankhane',NULL,NULL,NULL,NULL,360,2),(362,2,15.7078,73.9363,'Ibrampur',NULL,NULL,NULL,NULL,363,2),(363,2,15.7077,73.9365,'Ibrampur',NULL,NULL,NULL,NULL,362,2),(364,2,15.493,73.9473,'DHULAPER',NULL,NULL,NULL,NULL,365,2),(365,2,15.4929,73.9473,'DHULAPER',NULL,NULL,NULL,NULL,364,2),(366,2,15.6612,73.8173,'Sonyam',NULL,NULL,NULL,NULL,367,2),(367,2,15.6613,73.8173,'Sonyam',NULL,NULL,NULL,NULL,366,2),(368,2,15.6738,73.8186,'Manshi',NULL,NULL,NULL,NULL,369,2),(369,2,15.6738,73.8187,'Manshi',NULL,NULL,NULL,NULL,368,2),(370,2,15.6871,73.82,'Virnora',NULL,NULL,NULL,NULL,371,2),(371,2,15.6871,73.82,'Virnora',NULL,NULL,NULL,NULL,370,2),(372,2,15.6886,73.793,'Tuyem Hospital',NULL,NULL,NULL,NULL,373,2),(373,2,15.6886,73.793,'Tuyem Hospital',NULL,NULL,NULL,NULL,372,2),(374,2,15.6411,73.7222,'Ashwem',NULL,NULL,NULL,NULL,375,2),(375,2,15.641,73.7222,'Ashwem',NULL,NULL,NULL,NULL,374,2),(376,2,15.5736,73.7933,'Parra',NULL,NULL,NULL,NULL,377,2),(377,2,15.5737,73.7932,'Parra',NULL,NULL,NULL,NULL,376,2),(378,2,15.5632,73.7647,'Arpora',NULL,NULL,NULL,NULL,379,2),(379,2,15.5631,73.7647,'Arpora',NULL,NULL,NULL,NULL,378,2),(380,2,15.5621,73.7814,'Bokeche Ard',NULL,NULL,NULL,NULL,381,2),(381,2,15.5622,73.7813,'Bokeche Ard',NULL,NULL,NULL,NULL,380,2),(382,2,15.4987,73.772,'Sinquerim',NULL,NULL,NULL,NULL,383,2),(383,2,15.4985,73.7721,'Sinquerim',NULL,NULL,NULL,NULL,382,2),(384,2,15.5207,73.7674,'Candolim',NULL,NULL,NULL,NULL,385,2),(385,2,15.5207,73.7672,'Candolim',NULL,NULL,NULL,NULL,384,2),(386,2,15.5238,73.7665,'Candolim',NULL,NULL,NULL,NULL,NULL,2),(387,2,15.5455,73.7645,'Calangute Bus Stand',NULL,NULL,NULL,NULL,388,2),(388,2,15.5457,73.7645,'Calangute Bus Stand',NULL,NULL,NULL,NULL,387,2),(389,2,15.562,73.7494,'Baga Bus Stand',NULL,NULL,NULL,NULL,390,2),(390,2,15.562,73.7494,'Baga Bus Stand',NULL,NULL,NULL,NULL,389,2),(391,2,15.5937,73.8034,'Mapusa Khorlim',NULL,NULL,NULL,NULL,392,2),(392,2,15.5938,73.8034,'Mapusa Khorlim',NULL,NULL,NULL,NULL,391,2),(393,2,15.5952,73.7973,'Mapusa DMC College',NULL,NULL,NULL,NULL,394,2),(394,2,15.5953,73.7973,'Mapusa DMC College',NULL,NULL,NULL,NULL,393,2),(395,2,15.5996,73.7683,'Assagao Panchayat',NULL,NULL,NULL,NULL,396,2),(396,2,15.5997,73.7682,'Assagao Panchayat',NULL,NULL,NULL,NULL,395,2),(397,2,15.601,73.7615,'Charrasta',NULL,NULL,NULL,NULL,398,2),(398,2,15.6011,73.7615,'Charrasta',NULL,NULL,NULL,NULL,397,2),(399,2,15.6037,73.7547,'Badem',NULL,NULL,NULL,NULL,NULL,2),(400,2,15.5157,73.9458,'Khubharjua',NULL,NULL,NULL,NULL,401,2),(401,2,15.5158,73.9458,'Khubharjua',NULL,NULL,NULL,NULL,400,2),(402,2,15.514,73.9453,'Cumbharjua Guandalim Ferry',NULL,NULL,NULL,NULL,403,2),(403,2,15.514,73.9452,'Cumbharjua Guandalim Ferry',NULL,NULL,NULL,NULL,402,2),(404,2,15.5136,73.9467,'Kumbharjua Busstand',NULL,NULL,NULL,NULL,NULL,2),(405,2,15.4342,73.9851,'Patyekade',NULL,NULL,NULL,NULL,406,2),(406,2,15.4341,73.9851,'Patyekade',NULL,NULL,NULL,NULL,405,2),(407,2,15.3945,74.0022,'Dhavli Ponda',NULL,NULL,NULL,NULL,408,2),(408,2,15.3947,74.0021,'Dhavli Ponda',NULL,NULL,NULL,NULL,407,2),(409,2,15.3547,74.003,'Borim Brigde',NULL,NULL,NULL,NULL,410,2),(410,2,15.3546,74.0028,'Borim Brigde',NULL,NULL,NULL,NULL,409,2),(411,2,15.3666,74.0046,'Top Cola',NULL,NULL,NULL,NULL,412,2),(412,2,15.3667,74.0045,'Top Cola',NULL,NULL,NULL,NULL,411,2),(413,2,15.3646,73.9997,'Bori Sanquar',NULL,NULL,NULL,NULL,414,2),(414,2,15.3646,73.9998,'Bori Sanquar',NULL,NULL,NULL,NULL,413,2),(415,2,15.3677,73.9639,'Rassaim Ferry',NULL,NULL,NULL,NULL,416,2),(416,2,15.3676,73.9638,'Rassaim Ferry',NULL,NULL,NULL,NULL,415,2),(417,2,15.3504,73.979,'Angdi',NULL,NULL,NULL,NULL,418,2),(418,2,15.3504,73.9789,'Angdi',NULL,NULL,NULL,NULL,417,2),(419,2,15.3865,73.9409,'Quelossim',NULL,NULL,NULL,NULL,420,2),(420,2,15.3863,73.9409,'Quelossim',NULL,NULL,NULL,NULL,419,2),(421,2,15.3977,73.9171,'Thana',NULL,NULL,NULL,NULL,422,2),(422,2,15.3978,73.917,'Thana',NULL,NULL,NULL,NULL,421,2),(423,2,15.3896,73.9193,'Cortalim Pajentar',NULL,NULL,NULL,NULL,424,2),(424,2,15.3896,73.9192,'Cortalim Pajentar',NULL,NULL,NULL,NULL,423,2),(425,2,15.3655,73.9509,'Verna Cipla',NULL,NULL,NULL,NULL,426,2),(426,2,15.3652,73.9508,'Verna Cipla',NULL,NULL,NULL,NULL,425,2),(427,2,15.7354,73.8033,'Satarda Bridge',NULL,NULL,NULL,NULL,428,2),(428,2,15.7356,73.804,'Satarda Bridge',NULL,NULL,NULL,NULL,427,2),(429,2,15.7939,73.8633,'Patradevi',NULL,NULL,NULL,NULL,557,2),(430,2,16.0132,73.6944,'Kudal Bus Stand',NULL,NULL,NULL,NULL,NULL,2),(431,2,16.115,73.7078,'Oras',NULL,NULL,NULL,NULL,432,2),(432,2,16.115,73.7079,'Oras',NULL,NULL,NULL,NULL,431,2),(433,2,16.1574,73.683,'Kasal',NULL,NULL,NULL,NULL,434,2),(434,2,16.157,73.6836,'Kasal',NULL,NULL,NULL,NULL,433,2),(435,2,16.2626,73.7086,'Kankavali',NULL,NULL,NULL,NULL,436,2),(436,2,16.2635,73.7079,'Kankavali',NULL,NULL,NULL,NULL,435,2),(437,2,16.4973,73.746,'Vaibhavwadi',NULL,NULL,NULL,NULL,1360,2),(438,2,16.5463,73.8319,'Gaganbawda',NULL,NULL,NULL,NULL,1211,2),(439,2,16.702,74.2381,'Kolhapur',NULL,NULL,NULL,NULL,NULL,2),(440,2,16.8601,74.5649,'Sangli',NULL,NULL,NULL,NULL,NULL,2),(441,2,15.3861,73.839,'Dabolim Airport',NULL,NULL,NULL,NULL,442,2),(442,2,15.3862,73.8386,'Dabolim Airport',NULL,NULL,NULL,NULL,441,2),(443,2,15.5876,73.9441,'Wadeyar',NULL,NULL,NULL,NULL,NULL,2),(444,2,15.577,73.9389,'Mayem Lake',NULL,NULL,NULL,NULL,445,2),(445,2,15.577,73.9387,'Mayem Lake',NULL,NULL,NULL,NULL,444,2),(446,2,15.5785,73.9201,'Mayem',NULL,NULL,NULL,NULL,447,2),(447,2,15.5786,73.92,'Mayem',NULL,NULL,NULL,NULL,446,2),(448,2,15.5442,74.1529,'Sonal cross',NULL,NULL,NULL,NULL,449,2),(449,2,15.5442,74.1531,'Sonal cross',NULL,NULL,NULL,NULL,448,2),(450,2,15.5714,74.1859,'Postar',NULL,NULL,NULL,NULL,451,2),(451,2,15.5713,74.186,'Postar',NULL,NULL,NULL,NULL,450,2),(452,2,15.5764,74.1962,'Maloli',NULL,NULL,NULL,NULL,453,2),(453,2,15.5764,74.1963,'Maloli',NULL,NULL,NULL,NULL,452,2),(454,2,15.5787,74.2029,'Nanorem',NULL,NULL,NULL,NULL,455,2),(455,2,15.5785,74.203,'Nanorem',NULL,NULL,NULL,NULL,454,2),(456,2,15.5268,74.1053,'Redegathi',NULL,NULL,NULL,NULL,457,2),(457,2,15.5267,74.1053,'Redegathi',NULL,NULL,NULL,NULL,456,2),(458,2,15.5725,74.1034,'Zarme',NULL,NULL,NULL,NULL,459,2),(459,2,15.5731,74.1042,'Zarme',NULL,NULL,NULL,NULL,458,2),(460,2,15.5444,74.1172,'Dabem',NULL,NULL,NULL,NULL,NULL,2),(461,2,15.5427,74.1188,'Mauxi',NULL,NULL,NULL,NULL,NULL,2),(462,2,15.5206,74.154,'Velguem',NULL,NULL,NULL,NULL,NULL,2),(463,2,15.5114,74.1397,'Khadki',NULL,NULL,NULL,NULL,NULL,2),(464,2,15.5028,74.1356,'Savarshe',NULL,NULL,NULL,NULL,NULL,2),(465,2,15.5549,74.1627,'Ambedem',NULL,NULL,NULL,NULL,NULL,2),(466,2,15.5521,74.1779,'Dhavem',NULL,NULL,NULL,NULL,NULL,2),(467,2,15.5502,74.1618,'Bombedem',NULL,NULL,NULL,NULL,NULL,2),(468,2,15.5944,74.2068,'Codal',NULL,NULL,NULL,NULL,NULL,2),(469,2,15.6169,74.2163,'Satorem',NULL,NULL,NULL,NULL,NULL,2),(470,2,15.5611,74.188,'Ustem',NULL,NULL,NULL,NULL,NULL,2),(471,2,15.6754,74.0573,'Usap',NULL,NULL,NULL,NULL,NULL,2),(472,2,15.5342,74.0652,'Pissurlem',NULL,NULL,NULL,NULL,NULL,2),(473,2,15.4961,74.0973,'Advoi',NULL,NULL,NULL,NULL,NULL,2),(474,2,15.4849,74.0939,'Vantem',NULL,NULL,NULL,NULL,NULL,2),(475,2,15.4841,74.1137,'Padeli',NULL,NULL,NULL,NULL,NULL,2),(476,2,15.4954,74.1045,'Birondem',NULL,NULL,NULL,NULL,NULL,2),(477,2,15.497,74.1436,'Khotodem',NULL,NULL,NULL,NULL,NULL,2),(478,2,15.4534,74.1311,'Guleli',NULL,NULL,NULL,NULL,NULL,2),(479,2,15.5328,74.1652,'Cudcem',NULL,NULL,NULL,NULL,NULL,2),(480,2,15.5819,74.1487,'Naneli',NULL,NULL,NULL,NULL,NULL,2),(481,2,15.5626,74.0808,'Saleli',NULL,NULL,NULL,NULL,NULL,2),(482,2,15.5578,74.0585,'Arvalem',NULL,NULL,NULL,NULL,NULL,2),(483,2,15.5861,74.0269,'Poriem',NULL,NULL,NULL,NULL,1345,2),(484,2,15.6035,74.0045,'Curchirem',NULL,NULL,NULL,NULL,NULL,2),(485,2,15.5609,74.1343,'Koparde',NULL,NULL,NULL,NULL,NULL,2),(486,2,15.5932,74.1351,'Pali',NULL,NULL,NULL,NULL,NULL,2),(487,2,15.2569,73.9664,'Navelim',NULL,NULL,NULL,NULL,488,2),(488,2,15.2567,73.9663,'Navelim',NULL,NULL,NULL,NULL,487,2),(489,2,15.2369,73.9762,'Dharmapur',NULL,NULL,NULL,NULL,490,2),(490,2,15.2368,73.9762,'Dharmapur',NULL,NULL,NULL,NULL,489,2),(491,2,15.2125,73.9773,'Chinchinim',NULL,NULL,NULL,NULL,NULL,2),(492,2,15.1804,73.9713,'Assolna',NULL,NULL,NULL,NULL,736,2),(493,2,15.1572,73.965,'Velim',NULL,NULL,NULL,NULL,NULL,2),(494,2,15.1661,73.9737,'Velim Church',NULL,NULL,NULL,NULL,796,2),(495,2,15.1387,73.9574,'Betul',NULL,NULL,NULL,NULL,NULL,2),(496,2,15.5764,74.0467,'Morlem',NULL,NULL,NULL,NULL,497,2),(497,2,15.5764,74.0468,'Morlem',NULL,NULL,NULL,NULL,496,2),(498,2,15.5522,74.0566,'Gaonkarwada',NULL,NULL,NULL,NULL,NULL,2),(499,2,15.5884,73.8192,'Mapusa Tar',NULL,NULL,NULL,NULL,NULL,2),(500,2,15.5922,73.8551,'Nachinola',NULL,NULL,NULL,NULL,501,2),(501,2,15.592,73.8552,'Nachinola',NULL,NULL,NULL,NULL,500,2),(502,2,15.5898,73.8731,'Aldona',NULL,NULL,NULL,NULL,503,2),(503,2,15.5898,73.8734,'Aldona',NULL,NULL,NULL,NULL,502,2),(504,2,15.5784,73.8757,'Carona',NULL,NULL,NULL,NULL,NULL,2),(505,2,15.5682,73.8884,'Calvi',NULL,NULL,NULL,NULL,NULL,2),(506,2,15.5204,73.8475,'Britona Market',NULL,NULL,NULL,NULL,NULL,2),(507,2,15.5327,73.8581,'Salvador',NULL,NULL,NULL,NULL,NULL,2),(508,2,15.5655,73.8614,'Olaulim',NULL,NULL,NULL,NULL,NULL,2),(509,2,15.602,73.8741,'Quitla',NULL,NULL,NULL,NULL,NULL,2),(510,2,15.5977,73.8892,'Corjuem',NULL,NULL,NULL,NULL,NULL,2),(511,2,15.585,73.8496,'Nachinola',NULL,NULL,NULL,NULL,NULL,2),(512,2,15.5516,73.9334,'Narve',NULL,NULL,NULL,NULL,NULL,2),(513,2,15.5627,73.9209,'Aturli',NULL,NULL,NULL,NULL,514,2),(514,2,15.5628,73.9208,'Aturli',NULL,NULL,NULL,NULL,513,2),(515,2,15.5579,73.915,'Tikhane',NULL,NULL,NULL,NULL,1293,2),(516,2,15.5675,73.9089,'Vainguinim',NULL,NULL,NULL,NULL,NULL,2),(517,2,15.5056,73.8336,'Betim',NULL,NULL,NULL,NULL,518,2),(518,2,15.5057,73.8337,'Betim',NULL,NULL,NULL,NULL,517,2),(519,2,15.508,73.8097,'Verem Market',NULL,NULL,NULL,NULL,NULL,2),(520,2,15.5098,73.7855,'Nerul',NULL,NULL,NULL,NULL,521,2),(521,2,15.5099,73.7855,'Nerul',NULL,NULL,NULL,NULL,520,2),(522,2,15.6904,73.8722,'Ozari',NULL,NULL,NULL,NULL,NULL,2),(523,2,15.696,73.8968,'Menkurem',NULL,NULL,NULL,NULL,NULL,2),(524,2,15.6622,73.8825,'Pirna',NULL,NULL,NULL,NULL,525,2),(525,2,15.6621,73.8826,'Pirna',NULL,NULL,NULL,NULL,524,2),(526,2,15.6711,73.863,'Nadora',NULL,NULL,NULL,NULL,527,2),(527,2,15.6711,73.863,'Nadora',NULL,NULL,NULL,NULL,526,2),(528,2,15.6469,73.8407,'Colvale Tar',NULL,NULL,NULL,NULL,529,2),(529,2,15.6469,73.8408,'Colvale Tar',NULL,NULL,NULL,NULL,528,2),(530,2,15.6558,73.847,'Revora',NULL,NULL,NULL,NULL,531,2),(531,2,15.6557,73.8472,'Revora',NULL,NULL,NULL,NULL,530,2),(532,2,15.4836,73.8092,'Miramar',NULL,NULL,NULL,NULL,533,2),(533,2,15.4834,73.8093,'Miramar',NULL,NULL,NULL,NULL,532,2),(534,2,15.4817,73.8223,'Taleigao',NULL,NULL,NULL,NULL,NULL,2),(535,2,15.4998,73.8328,'Panjim Post Office',NULL,NULL,NULL,NULL,NULL,2),(536,2,15.4876,73.8261,'Altinho',NULL,NULL,NULL,NULL,NULL,2),(537,2,15.3362,74.017,'Vazem',NULL,NULL,NULL,NULL,538,2),(538,2,15.336,74.017,'Vazem',NULL,NULL,NULL,NULL,537,2),(539,2,15.3196,74.0296,'Shiroda Market',NULL,NULL,NULL,NULL,NULL,2),(540,2,15.2861,74.0769,'Panchawadi',NULL,NULL,NULL,NULL,541,2),(541,2,15.2859,74.0769,'Panchawadi',NULL,NULL,NULL,NULL,540,2),(542,2,15.279,74.0959,'Mapa',NULL,NULL,NULL,NULL,543,2),(543,2,15.2789,74.0958,'Mapa',NULL,NULL,NULL,NULL,542,2),(544,2,15.2641,74.1088,'Savordem',NULL,NULL,NULL,NULL,545,2),(545,2,15.264,74.1088,'Savordem',NULL,NULL,NULL,NULL,544,2),(546,2,15.2586,74.1729,'Costi',NULL,NULL,NULL,NULL,547,2),(547,2,15.2586,74.1731,'Costi',NULL,NULL,NULL,NULL,546,2),(548,2,15.7608,73.9236,'Hankhane',NULL,NULL,NULL,NULL,549,2),(549,2,15.7609,73.9236,'Hankhane',NULL,NULL,NULL,NULL,548,2),(550,2,15.7518,73.8346,'Uguem',NULL,NULL,NULL,NULL,551,2),(551,2,15.7517,73.8347,'Uguem',NULL,NULL,NULL,NULL,550,2),(552,2,15.76,73.8547,'Mopa',NULL,NULL,NULL,NULL,NULL,2),(553,2,15.7583,73.8354,'Tamboxem',NULL,NULL,NULL,NULL,554,2),(554,2,15.7582,73.8355,'Tamboxem',NULL,NULL,NULL,NULL,553,2),(555,2,15.7806,73.8613,'Torxem',NULL,NULL,NULL,NULL,556,2),(556,2,15.7805,73.8613,'Torxem',NULL,NULL,NULL,NULL,555,2),(557,2,15.7938,73.8636,'Patradevi',NULL,NULL,NULL,NULL,429,2),(558,2,15.752,73.8277,'Satose',NULL,NULL,NULL,NULL,NULL,2),(559,2,15.7397,73.8125,'Poroscodem',NULL,NULL,NULL,NULL,560,2),(560,2,15.7395,73.8124,'Poroscodem',NULL,NULL,NULL,NULL,559,2),(561,2,15.7261,73.8373,'Varcond',NULL,NULL,NULL,NULL,562,2),(562,2,15.726,73.8373,'Varcond',NULL,NULL,NULL,NULL,561,2),(563,2,15.6878,73.7115,'Harambol Beach',NULL,NULL,NULL,NULL,564,2),(564,2,15.6877,73.7116,'Harambol Beach',NULL,NULL,NULL,NULL,563,2),(565,2,15.6488,73.717,'Ashwem',NULL,NULL,NULL,NULL,NULL,2),(566,2,15.6201,73.7371,'Morjim',NULL,NULL,NULL,NULL,567,2),(567,2,15.6201,73.737,'Morjim',NULL,NULL,NULL,NULL,566,2),(568,2,15.6212,73.7961,'Sodiem',NULL,NULL,NULL,NULL,569,2),(569,2,15.6213,73.7961,'Sodiem',NULL,NULL,NULL,NULL,568,2),(570,2,15.6217,73.7858,'Sodiem Holycross High School',NULL,NULL,NULL,NULL,571,2),(571,2,15.6217,73.786,'Sodiem Holycross High School',NULL,NULL,NULL,NULL,570,2),(572,2,15.4941,73.8185,'Kala Academy',NULL,NULL,NULL,NULL,573,2),(573,2,15.4942,73.8183,'Kala Academy',NULL,NULL,NULL,NULL,572,2),(574,2,15.4992,73.8203,'Panaji INOX',NULL,NULL,NULL,NULL,NULL,2),(575,2,15.5005,73.8218,'Panaji Market',NULL,NULL,NULL,NULL,NULL,2),(576,2,15.5012,73.8256,'Betim Ferry',NULL,NULL,NULL,NULL,577,2),(577,2,15.5009,73.8257,'Betim Ferry',NULL,NULL,NULL,NULL,576,2),(578,2,15.5009,73.8294,'Panaji Old Secretariat',NULL,NULL,NULL,NULL,NULL,2),(579,2,15.4995,73.8367,'Panaji Cruises',NULL,NULL,NULL,NULL,NULL,2),(580,2,15.4571,73.8032,'Dona Paula',NULL,NULL,NULL,NULL,NULL,2),(581,2,15.4583,73.83,'Goa University',NULL,NULL,NULL,NULL,582,2),(582,2,15.4585,73.83,'Goa University',NULL,NULL,NULL,NULL,581,2),(583,2,15.4763,73.8455,'St. Cruz Church',NULL,NULL,NULL,NULL,NULL,2),(584,2,15.4875,73.832,'Panjim Community Centre',NULL,NULL,NULL,NULL,NULL,2),(585,2,15.4922,73.832,'Panjim Dr. KB Hedgewar High School',NULL,NULL,NULL,NULL,NULL,2),(586,2,15.4945,73.8319,'Panjim People High School',NULL,NULL,NULL,NULL,NULL,2),(587,2,15.4642,73.9954,'Querim',NULL,NULL,NULL,NULL,NULL,2),(588,2,15.387,73.8758,'Birla Bits Pilani',NULL,NULL,NULL,NULL,NULL,2),(589,2,15.6931,73.7335,'Bhatwadi',NULL,NULL,NULL,NULL,590,2),(590,2,15.6929,73.7337,'Bhatwadi',NULL,NULL,NULL,NULL,589,2),(591,2,15.6483,73.794,'Camurlim Tuem Ferry',NULL,NULL,NULL,NULL,592,2),(592,2,15.6484,73.7941,'Camurlim Tuem Ferry',NULL,NULL,NULL,NULL,591,2),(593,2,15.6478,73.7926,'Camurlim Darbarwada',NULL,NULL,NULL,NULL,594,2),(594,2,15.6479,73.7926,'Camurlim Darbarwada',NULL,NULL,NULL,NULL,593,2),(595,2,15.6381,73.7847,'Camurlim Kairat',NULL,NULL,NULL,NULL,596,2),(596,2,15.6382,73.7846,'Camurlim Kairat',NULL,NULL,NULL,NULL,595,2),(597,2,15.6035,73.7407,'Chapora',NULL,NULL,NULL,NULL,598,2),(598,2,15.6034,73.7407,'Chapora',NULL,NULL,NULL,NULL,597,2),(599,2,15.5996,73.7401,'Vagator',NULL,NULL,NULL,NULL,600,2),(600,2,15.5995,73.7401,'Vagator',NULL,NULL,NULL,NULL,599,2),(601,2,15.6002,73.7359,'Vagator Beach Bus Stop',NULL,NULL,NULL,NULL,1151,2),(602,2,15.5853,73.7413,'Anjuna',NULL,NULL,NULL,NULL,603,2),(603,2,15.5851,73.7414,'Anjuna',NULL,NULL,NULL,NULL,602,2),(604,2,15.5847,73.738,'Anjuna Beach Bus Stop',NULL,NULL,NULL,NULL,605,2),(605,2,15.5846,73.7379,'Anjuna Beach Bus Stop',NULL,NULL,NULL,NULL,604,2),(606,2,15.5839,73.7489,'Anjuna Post Office',NULL,NULL,NULL,NULL,607,2),(607,2,15.5839,73.7489,'Anjuna Post Office',NULL,NULL,NULL,NULL,606,2),(608,2,15.5581,73.7761,'Hadfade Junction',NULL,NULL,NULL,NULL,609,2),(609,2,15.558,73.7763,'Hadfade Junction',NULL,NULL,NULL,NULL,608,2),(610,2,15.5463,73.789,'Saligao Junction',NULL,NULL,NULL,NULL,611,2),(611,2,15.5461,73.7893,'Saligao Junction',NULL,NULL,NULL,NULL,610,2),(612,2,15.5335,73.7969,'Pilerne IDC Bus Stop',NULL,NULL,NULL,NULL,613,2),(613,2,15.5327,73.7969,'Pilerne IDC Bus Stop',NULL,NULL,NULL,NULL,612,2),(614,2,15.5197,73.8053,'Village Panchayat Pilerne',NULL,NULL,NULL,NULL,615,2),(615,2,15.5195,73.8053,'Village Panchayat Pilerne',NULL,NULL,NULL,NULL,614,2),(616,2,15.5175,73.7772,'Candolim Church',NULL,NULL,NULL,NULL,617,2),(617,2,15.5173,73.7772,'Candolim Church',NULL,NULL,NULL,NULL,616,2),(618,2,15.5128,73.7689,'Candolim Shantadurga Temple',NULL,NULL,NULL,NULL,NULL,2),(619,2,15.4677,73.9975,'Vijaydurga',NULL,NULL,NULL,NULL,NULL,2),(620,2,15.4574,74.0007,'Arle',NULL,NULL,NULL,NULL,NULL,2),(621,2,15.4371,74.0087,'Apewal',NULL,NULL,NULL,NULL,NULL,2),(622,2,15.4539,74.0044,'Karmane',NULL,NULL,NULL,NULL,NULL,2),(623,2,15.4113,74.0255,'Curti',NULL,NULL,NULL,NULL,1071,2),(624,2,15.4903,73.923,'Karmali Railway Station',NULL,NULL,NULL,NULL,625,2),(625,2,15.4903,73.9231,'Karmali Railway Station',NULL,NULL,NULL,NULL,624,2),(626,2,15.4854,73.923,'Hotel Wilsha',NULL,NULL,NULL,NULL,627,2),(627,2,15.4854,73.9231,'Hotel Wilsha',NULL,NULL,NULL,NULL,626,2),(628,2,15.4683,73.9243,'Adoshi',NULL,NULL,NULL,NULL,629,2),(629,2,15.4683,73.9243,'Adoshi',NULL,NULL,NULL,NULL,628,2),(630,2,15.4518,73.923,'Dongri Mandur',NULL,NULL,NULL,NULL,631,2),(631,2,15.4517,73.9231,'Dongri Mandur',NULL,NULL,NULL,NULL,630,2),(632,2,15.4448,73.9216,'Neura',NULL,NULL,NULL,NULL,633,2),(633,2,15.4448,73.9217,'Neura',NULL,NULL,NULL,NULL,632,2),(634,2,15.5945,73.8393,'Moira',NULL,NULL,NULL,NULL,635,2),(635,2,15.5944,73.8393,'Moira',NULL,NULL,NULL,NULL,634,2),(636,2,15.5686,73.8781,'Amadi',NULL,NULL,NULL,NULL,NULL,2),(637,2,15.1798,73.9981,'Cuncolim',NULL,NULL,NULL,NULL,638,2),(638,2,15.1797,73.998,'Cuncolim',NULL,NULL,NULL,NULL,637,2),(639,2,15.0084,74.044,'Kadamba Busstand Cancona',NULL,NULL,NULL,NULL,NULL,2),(640,2,15.0074,74.0468,'Cancona Market',NULL,NULL,NULL,NULL,641,2),(641,2,15.0072,74.0468,'Cancona Market',NULL,NULL,NULL,NULL,640,2),(642,2,14.9673,74.0865,'Poinguinim',NULL,NULL,NULL,NULL,643,2),(643,2,14.9672,74.0865,'Poinguinim',NULL,NULL,NULL,NULL,642,2),(644,2,14.9094,74.0929,'Polem Goa Border',NULL,NULL,NULL,NULL,645,2),(645,2,14.9093,74.0928,'Polem Goa Border',NULL,NULL,NULL,NULL,644,2),(646,2,14.9416,74.0705,'lOLIEM',NULL,NULL,NULL,NULL,NULL,2),(647,2,14.9594,74.0549,'Mashem',NULL,NULL,NULL,NULL,648,2),(648,2,14.9593,74.0548,'Mashem',NULL,NULL,NULL,NULL,647,2),(649,2,14.9739,74.0922,'Poigunim',NULL,NULL,NULL,NULL,650,2),(650,2,14.9737,74.0922,'Poigunim',NULL,NULL,NULL,NULL,649,2),(651,2,14.9911,74.0992,'Katebag',NULL,NULL,NULL,NULL,652,2),(652,2,14.991,74.0991,'Katebag',NULL,NULL,NULL,NULL,651,2),(653,2,14.9944,74.0943,'Galgibag',NULL,NULL,NULL,NULL,654,2),(654,2,14.9943,74.0942,'Galgibag',NULL,NULL,NULL,NULL,653,2),(655,2,14.9966,74.0888,'Talpon',NULL,NULL,NULL,NULL,656,2),(656,2,14.9965,74.0888,'Talpon',NULL,NULL,NULL,NULL,655,2),(657,2,14.9982,74.0868,'Sadolxem',NULL,NULL,NULL,NULL,658,2),(658,2,14.9981,74.0867,'Sadolxem',NULL,NULL,NULL,NULL,657,2),(659,2,15.0018,74.0819,'Batpal',NULL,NULL,NULL,NULL,660,2),(660,2,15.0017,74.0818,'Batpal',NULL,NULL,NULL,NULL,659,2),(661,2,15.0062,74.0623,'Sristhal',NULL,NULL,NULL,NULL,662,2),(662,2,15.006,74.0623,'Sristhal',NULL,NULL,NULL,NULL,661,2),(663,2,15.011,74.0364,'Gullem',NULL,NULL,NULL,NULL,664,2),(664,2,15.0109,74.0363,'Gullem',NULL,NULL,NULL,NULL,663,2),(665,2,15.1568,74.0144,'Balli Bus Stop',NULL,NULL,NULL,NULL,666,2),(666,2,15.1567,74.0144,'Balli Bus Stop',NULL,NULL,NULL,NULL,665,2),(667,2,15.1822,73.9977,'Cuncolim Bus Stand',NULL,NULL,NULL,NULL,NULL,2),(668,2,15.2016,73.9959,'Pazorkoni',NULL,NULL,NULL,NULL,669,2),(669,2,15.2017,73.9958,'Pazorkoni',NULL,NULL,NULL,NULL,668,2),(670,2,15.2149,73.9844,'Danewadi',NULL,NULL,NULL,NULL,671,2),(671,2,15.2148,73.9842,'Danewadi',NULL,NULL,NULL,NULL,670,2),(672,2,15.1975,73.9968,'Pazorkoni Workhardt Hospital Bus Stand',NULL,NULL,NULL,NULL,673,2),(673,2,15.1975,73.997,'Pazorkoni Workhardt Hospital Bus Stand',NULL,NULL,NULL,NULL,672,2),(674,2,15.2189,73.9785,'Chinchinim, Cuncolim Junction Bus Stop',NULL,NULL,NULL,NULL,NULL,2),(675,2,15.2572,74.0597,'Assolda  Bus Stop',NULL,NULL,NULL,NULL,1108,2),(676,2,15.2612,74.1067,'Curchorem, Savordem Bus Stand',NULL,NULL,NULL,NULL,NULL,2),(677,2,15.2638,74.1047,'Railway Gate Curchorem Bus Stop',NULL,NULL,NULL,NULL,NULL,2),(678,2,15.2585,74.1054,'Dr. Ambedkar Circle Bus Stop Curchorem',NULL,NULL,NULL,NULL,1115,2),(679,2,15.2689,74.1127,'Sanvordem Petrol Pump Bus Stop',NULL,NULL,NULL,NULL,680,2),(680,2,15.269,74.1129,'Sanvordem Petrol Pump Bus Stop',NULL,NULL,NULL,NULL,679,2),(681,2,15.2327,74.0956,'Tanki',NULL,NULL,NULL,NULL,682,2),(682,2,15.2327,74.0955,'Tanki',NULL,NULL,NULL,NULL,681,2),(683,2,15.2512,74.1021,'Kakumaddi',NULL,NULL,NULL,NULL,684,2),(684,2,15.2512,74.1022,'Kakumaddi',NULL,NULL,NULL,NULL,683,2),(685,2,15.2208,74.087,'Tilamol Bus Stop',NULL,NULL,NULL,NULL,686,2),(686,2,15.2207,74.0871,'Tilamol Bus Stop',NULL,NULL,NULL,NULL,685,2),(687,2,15.2182,74.082,'Tilamol Court Bus Stop',NULL,NULL,NULL,NULL,688,2),(688,2,15.2181,74.0819,'Tilamol Court Bus Stop',NULL,NULL,NULL,NULL,687,2),(689,2,15.2142,74.0703,'Quepem Bus Stop',NULL,NULL,NULL,NULL,690,2),(690,2,15.2144,74.0705,'Quepem Bus Stop',NULL,NULL,NULL,NULL,689,2),(691,2,15.2117,73.9772,'Chinchinim  Bus  Stop',NULL,NULL,NULL,NULL,692,2),(692,2,15.2116,73.9772,'Chinchinim  Bus  Stop',NULL,NULL,NULL,NULL,691,2),(693,2,15.2103,73.9769,'Chinchinim  Market Bus Stop',NULL,NULL,NULL,NULL,694,2),(694,2,15.2103,73.9769,'Chinchinim  Market Bus Stop',NULL,NULL,NULL,NULL,693,2),(695,2,15.1928,73.9973,'Cancnamoddi Bus Stop',NULL,NULL,NULL,NULL,696,2),(696,2,15.1928,73.9972,'Cancnamoddi Bus Stop',NULL,NULL,NULL,NULL,695,2),(697,2,15.0783,74.0324,'Barcem Market Bus stop',NULL,NULL,NULL,NULL,698,2),(698,2,15.0783,74.0323,'Barcem Market Bus stop',NULL,NULL,NULL,NULL,697,2),(699,2,15.4248,74.0485,'Khandepar',NULL,NULL,NULL,NULL,700,2),(700,2,15.4248,74.0486,'Khandepar',NULL,NULL,NULL,NULL,699,2),(701,2,15.4163,74.0693,'MRF Bus Stop',NULL,NULL,NULL,NULL,702,2),(702,2,15.4161,74.0693,'MRF Bus Stop',NULL,NULL,NULL,NULL,701,2),(703,2,15.4152,74.083,'Usgao Tisk Bus Stop',NULL,NULL,NULL,NULL,704,2),(704,2,15.4153,74.0831,'Usgao Tisk Bus Stop',NULL,NULL,NULL,NULL,703,2),(705,2,15.4217,74.0522,'Chowgule workshop',NULL,NULL,NULL,NULL,706,2),(706,2,15.4214,74.0522,'Chowgule workshop',NULL,NULL,NULL,NULL,705,2),(707,2,15.3916,74.1219,'Dharbandora Bus Stop',NULL,NULL,NULL,NULL,708,2),(708,2,15.3914,74.1219,'Dharbandora Bus Stop',NULL,NULL,NULL,NULL,707,2),(709,2,15.4663,74.0893,'Ganje',NULL,NULL,NULL,NULL,710,2),(710,2,15.4662,74.0893,'Ganje',NULL,NULL,NULL,NULL,709,2),(711,2,15.4769,74.111,'Guleli',NULL,NULL,NULL,NULL,712,2),(712,2,15.4767,74.1111,'Guleli',NULL,NULL,NULL,NULL,711,2),(713,2,15.5036,74.1398,'Barazan',NULL,NULL,NULL,NULL,714,2),(714,2,15.5036,74.14,'Barazan',NULL,NULL,NULL,NULL,713,2),(718,2,15.2439,73.9728,'Fradilem Bus Stop',NULL,NULL,NULL,NULL,NULL,2),(719,2,15.244,73.9727,'Fradilem Bus Stop',NULL,NULL,NULL,NULL,720,2),(720,2,15.244,73.9729,'Fradilem Bus Stop',NULL,NULL,NULL,NULL,719,2),(721,2,15.2406,73.9755,'Jacknibandh Bus Stop',NULL,NULL,NULL,NULL,722,2),(722,2,15.2407,73.9755,'Jacknibandh Bus Stop',NULL,NULL,NULL,NULL,721,2),(723,2,15.2339,73.9761,'sirlim Dramapur Bus Stand',NULL,NULL,NULL,NULL,724,2),(724,2,15.2339,73.9762,'sirlim Dramapur Bus Stand',NULL,NULL,NULL,NULL,723,2),(725,2,15.2248,73.9773,'Sirlim Bus Stop',NULL,NULL,NULL,NULL,726,2),(726,2,15.2247,73.9774,'Sirlim Bus Stop',NULL,NULL,NULL,NULL,725,2),(727,2,15.0926,74.0313,'Paddi',NULL,NULL,NULL,NULL,728,2),(728,2,15.0927,74.0311,'Paddi',NULL,NULL,NULL,NULL,727,2),(729,2,15.082,74.0301,'Pisornem',NULL,NULL,NULL,NULL,730,2),(730,2,15.0819,74.0303,'Pisornem',NULL,NULL,NULL,NULL,729,2),(731,2,15.2833,73.9565,'Colva Circle Bus Stand',NULL,NULL,NULL,NULL,732,2),(732,2,15.2834,73.9565,'Colva Circle Bus Stand',NULL,NULL,NULL,NULL,731,2),(733,2,15.281,73.9572,'Margao Session Court Bus Stand',NULL,NULL,NULL,NULL,734,2),(734,2,15.2811,73.9573,'Margao Session Court Bus Stand',NULL,NULL,NULL,NULL,733,2),(735,2,15.183,73.9704,'Assolda',NULL,NULL,NULL,NULL,NULL,2),(736,2,15.1804,73.9712,'Assolna',NULL,NULL,NULL,NULL,492,2),(737,2,15.1516,74.0188,'Balli Railway Station',NULL,NULL,NULL,NULL,738,2),(738,2,15.1516,74.0187,'Balli Railway Station',NULL,NULL,NULL,NULL,737,2),(739,2,15.762,73.7778,'Sateli',NULL,NULL,NULL,NULL,740,2),(740,2,15.7617,73.7776,'Sateli',NULL,NULL,NULL,NULL,739,2),(741,2,15.7859,73.7397,'Malewad Naka Bus Stop',NULL,NULL,NULL,NULL,742,2),(742,2,15.786,73.7398,'Malewad Naka Bus Stop',NULL,NULL,NULL,NULL,741,2),(743,2,15.7758,73.7559,'Kundura Bus stop',NULL,NULL,NULL,NULL,744,2),(744,2,15.7759,73.7559,'Kundura Bus stop',NULL,NULL,NULL,NULL,743,2),(745,2,15.7081,73.815,'Pernem Railway Station Bus Stop',NULL,NULL,NULL,NULL,746,2),(746,2,15.7082,73.8151,'Pernem Railway Station Bus Stop',NULL,NULL,NULL,NULL,745,2),(747,2,15.6452,73.8377,'Colvale Naka',NULL,NULL,NULL,NULL,748,2),(748,2,15.6451,73.8378,'Colvale Naka',NULL,NULL,NULL,NULL,747,2),(749,2,15.5962,73.8203,'Mapusa Distict Hospital Bus Stop',NULL,NULL,NULL,NULL,750,2),(750,2,15.5963,73.8203,'Mapusa Distict Hospital Bus Stop',NULL,NULL,NULL,NULL,749,2),(751,2,15.2861,73.9635,'Fatorda Bus Stand',NULL,NULL,NULL,NULL,752,2),(752,2,15.2861,73.9638,'Fatorda Bus Stand',NULL,NULL,NULL,NULL,751,2),(753,2,15.2982,73.9714,'Arlem Bus Stand',NULL,NULL,NULL,NULL,754,2),(754,2,15.2982,73.9717,'Arlem Bus Stand',NULL,NULL,NULL,NULL,753,2),(755,2,15.3138,73.9837,'Raia Bus Stand',NULL,NULL,NULL,NULL,756,2),(756,2,15.3137,73.9838,'Raia Bus Stand',NULL,NULL,NULL,NULL,755,2),(757,2,15.3239,73.989,'Tember Bus Stop',NULL,NULL,NULL,NULL,758,2),(758,2,15.3238,73.9891,'Tember Bus Stop',NULL,NULL,NULL,NULL,757,2),(759,2,15.3516,74.0035,'Borim Bridge Bus Stop',NULL,NULL,NULL,NULL,760,2),(760,2,15.3516,74.0029,'Borim Bridge Bus Stop',NULL,NULL,NULL,NULL,759,2),(761,2,15.3452,74.0091,'Old Borim Bridge Bus Stop',NULL,NULL,NULL,NULL,762,2),(762,2,15.3452,74.0091,'Old Borim Bridge Bus Stop',NULL,NULL,NULL,NULL,761,2),(763,2,15.3431,74.0143,'Tarvale',NULL,NULL,NULL,NULL,764,2),(764,2,15.343,74.0143,'Tarvale',NULL,NULL,NULL,NULL,763,2),(765,2,15.3306,74.02,'Ayuvedic College Bus Stop',NULL,NULL,NULL,NULL,766,2),(766,2,15.3305,74.0199,'Ayuvedic College Bus Stop',NULL,NULL,NULL,NULL,765,2),(767,2,15.3212,74.0274,'Shiroda Bus Stand',NULL,NULL,NULL,NULL,NULL,2),(768,2,15.3161,74.0287,'Shiroda Shivnathi Temple  Bus Stop',NULL,NULL,NULL,NULL,769,2),(769,2,15.3161,74.0287,'Shiroda Shivnathi Temple  Bus Stop',NULL,NULL,NULL,NULL,768,2),(770,2,15.3081,74.0421,'Shiroda Dabolim Bus Stand',NULL,NULL,NULL,NULL,771,2),(771,2,15.308,74.0421,'Shiroda Dabolim Bus Stand',NULL,NULL,NULL,NULL,770,2),(772,2,15.3003,74.0664,'Church Ponchwadi bus Stand',NULL,NULL,NULL,NULL,773,2),(773,2,15.3003,74.0665,'Church Ponchwadi bus Stand',NULL,NULL,NULL,NULL,772,2),(774,2,15.3019,73.9492,'Gorvootti  Bus  Stand',NULL,NULL,NULL,NULL,775,2),(775,2,15.3019,73.9492,'Gorvootti  Bus  Stand',NULL,NULL,NULL,NULL,774,2),(776,2,15.3977,73.9108,'Cortalim Sancoale  Crossing Bus Stand',NULL,NULL,NULL,NULL,777,2),(777,2,15.3976,73.9106,'Cortalim Sancoale  Crossing Bus Stand',NULL,NULL,NULL,NULL,776,2),(778,2,15.4083,73.9082,'Cortalim Ferry Bus Stand',NULL,NULL,NULL,NULL,779,2),(779,2,15.4083,73.9081,'Cortalim Ferry Bus Stand',NULL,NULL,NULL,NULL,778,2),(780,2,15.3827,73.9536,'Rassai Dock',NULL,NULL,NULL,NULL,781,2),(781,2,15.3826,73.9535,'Rassai Dock',NULL,NULL,NULL,NULL,780,2),(782,2,15.3406,73.9842,'Loutolim',NULL,NULL,NULL,NULL,783,2),(783,2,15.3404,73.9842,'Loutolim',NULL,NULL,NULL,NULL,782,2),(784,2,15.4615,73.9787,'Cuncoliem',NULL,NULL,NULL,NULL,785,2),(785,2,15.4615,73.9788,'Cuncoliem',NULL,NULL,NULL,NULL,784,2),(786,2,15.2018,73.9769,'Palmagrand Bus Stand',NULL,NULL,NULL,NULL,787,2),(787,2,15.2017,73.9769,'Palmagrand Bus Stand',NULL,NULL,NULL,NULL,786,2),(788,2,15.2046,73.9773,'Bamado Bus Stand',NULL,NULL,NULL,NULL,789,2),(789,2,15.2046,73.9771,'Bamado Bus Stand',NULL,NULL,NULL,NULL,788,2),(790,2,15.1978,73.9759,'Sukaldem Bus Stand',NULL,NULL,NULL,NULL,791,2),(791,2,15.1979,73.9758,'Sukaldem Bus Stand',NULL,NULL,NULL,NULL,790,2),(792,2,15.1862,73.9707,'Nusi Academy Bus Stand',NULL,NULL,NULL,NULL,793,2),(793,2,15.1862,73.9706,'Nusi Academy Bus Stand',NULL,NULL,NULL,NULL,792,2),(794,2,15.1715,73.974,'Ambelim Bus Stand',NULL,NULL,NULL,NULL,795,2),(795,2,15.1715,73.9739,'Ambelim Bus Stand',NULL,NULL,NULL,NULL,794,2),(796,2,15.166,73.9736,'Velim Church',NULL,NULL,NULL,NULL,494,2),(797,2,15.1654,73.9737,'Velim Bus Stand',NULL,NULL,NULL,NULL,798,2),(798,2,15.1654,73.9736,'Velim Bus Stand',NULL,NULL,NULL,NULL,797,2),(799,2,15.3735,73.9278,'Verna IDC Bus Stand',NULL,NULL,NULL,NULL,800,2),(800,2,15.3735,73.9277,'Verna IDC Bus Stand',NULL,NULL,NULL,NULL,799,2),(801,2,15.2733,73.9594,'City Bus Stop Margao',NULL,NULL,NULL,NULL,NULL,2),(802,2,15.2651,73.978,'Rawanfond Bus Stand',NULL,NULL,NULL,NULL,803,2),(803,2,15.2651,73.9778,'Rawanfond Bus Stand',NULL,NULL,NULL,NULL,802,2),(804,2,15.2815,73.9599,'Margoa Holy Spirit Church & School Bus Stop',NULL,NULL,NULL,NULL,NULL,2),(805,2,15.2795,73.9601,'Margao Hospicio Bus Stand',NULL,NULL,NULL,NULL,NULL,2),(806,2,15.273,73.9586,'Margao Kamat Bus Stop',NULL,NULL,NULL,NULL,NULL,2),(807,2,15.2696,73.9589,'Railway Station Foot Overbridge Bus Stand',NULL,NULL,NULL,NULL,NULL,2),(808,2,15.2547,73.9941,'Lakaki',NULL,NULL,NULL,NULL,809,2),(809,2,15.2545,73.9939,'Lakaki',NULL,NULL,NULL,NULL,808,2),(810,2,15.2468,74.0071,'Pali/Don/',NULL,NULL,NULL,NULL,811,2),(811,2,15.2466,74.0071,'Pali/Don/',NULL,NULL,NULL,NULL,810,2),(812,2,15.2399,74.0218,'Gudi',NULL,NULL,NULL,NULL,1101,2),(813,2,15.2303,74.0414,'Bhootnath Temple Bus Stop',NULL,NULL,NULL,NULL,814,2),(814,2,15.2301,74.0413,'Bhootnath Temple Bus Stop',NULL,NULL,NULL,NULL,813,2),(815,2,15.2285,74.0505,'Paroda',NULL,NULL,NULL,NULL,816,2),(816,2,15.2282,74.0505,'Paroda',NULL,NULL,NULL,NULL,815,2),(817,2,15.1674,74.0684,'Kavrem',NULL,NULL,NULL,NULL,818,2),(818,2,15.1674,74.0682,'Kavrem',NULL,NULL,NULL,NULL,817,2),(819,2,15.1886,74.0556,'Ambaulim',NULL,NULL,NULL,NULL,820,2),(820,2,15.1885,74.0554,'Ambaulim',NULL,NULL,NULL,NULL,819,2),(821,2,15.1805,74.0648,'Takar/Kupar',NULL,NULL,NULL,NULL,822,2),(822,2,15.1804,74.0647,'Takar/Kupar',NULL,NULL,NULL,NULL,821,2),(823,2,15.1291,74.0855,'Maina',NULL,NULL,NULL,NULL,824,2),(824,2,15.1289,74.085,'Maina',NULL,NULL,NULL,NULL,823,2),(825,2,15.1013,74.1243,'Pirla',NULL,NULL,NULL,NULL,NULL,2),(826,2,15.0171,74.0294,'Devbag',NULL,NULL,NULL,NULL,827,2),(827,2,15.0171,74.0292,'Devbag',NULL,NULL,NULL,NULL,826,2),(828,2,15.0327,74.0211,'Dumane',NULL,NULL,NULL,NULL,829,2),(829,2,15.0327,74.021,'Dumane',NULL,NULL,NULL,NULL,828,2),(830,2,15.0365,73.9902,'Agonda',NULL,NULL,NULL,NULL,831,2),(831,2,15.0364,73.9901,'Agonda',NULL,NULL,NULL,NULL,830,2),(832,2,15.1361,73.9556,'Betul Bus Stop',NULL,NULL,NULL,NULL,833,2),(833,2,15.1358,73.9557,'Betul Bus Stop',NULL,NULL,NULL,NULL,832,2),(834,2,15.0914,74.2248,'Neturlim',NULL,NULL,NULL,NULL,835,2),(835,2,15.0913,74.2247,'Neturlim',NULL,NULL,NULL,NULL,834,2),(836,2,15.094,74.1903,'Vichundrem',NULL,NULL,NULL,NULL,837,2),(837,2,15.0939,74.1906,'Vichundrem',NULL,NULL,NULL,NULL,836,2),(838,2,15.1397,74.2048,'Vade Colony',NULL,NULL,NULL,NULL,839,2),(839,2,15.1393,74.2046,'Vade Colony',NULL,NULL,NULL,NULL,838,2),(840,2,15.1667,74.2425,'Viliena',NULL,NULL,NULL,NULL,841,2),(841,2,15.1666,74.2427,'Viliena',NULL,NULL,NULL,NULL,840,2),(842,2,15.1917,74.2282,'Bhati',NULL,NULL,NULL,NULL,843,2),(843,2,15.1917,74.228,'Bhati',NULL,NULL,NULL,NULL,842,2),(844,2,15.2054,74.2214,'Valkini',NULL,NULL,NULL,NULL,845,2),(845,2,15.2054,74.2213,'Valkini',NULL,NULL,NULL,NULL,844,2),(846,2,15.2304,74.1826,'Uguem',NULL,NULL,NULL,NULL,847,2),(847,2,15.2302,74.1827,'Uguem',NULL,NULL,NULL,NULL,846,2),(848,2,15.2236,74.1692,'Pajimol',NULL,NULL,NULL,NULL,849,2),(849,2,15.2234,74.1694,'Pajimol',NULL,NULL,NULL,NULL,848,2),(850,2,15.228,74.1518,'Sanguem Bus Stand',NULL,NULL,NULL,NULL,NULL,2),(851,2,15.2264,74.1402,'Sanguem Dando/ Court',NULL,NULL,NULL,NULL,852,2),(852,2,15.2263,74.1402,'Sanguem Dando/ Court',NULL,NULL,NULL,NULL,851,2),(853,2,15.231,74.1323,'Cacoda',NULL,NULL,NULL,NULL,854,2),(854,2,15.2308,74.1322,'Cacoda',NULL,NULL,NULL,NULL,853,2),(855,2,15.2572,74.1152,'Kakoda',NULL,NULL,NULL,NULL,856,2),(856,2,15.257,74.1152,'Kakoda',NULL,NULL,NULL,NULL,855,2),(857,2,15.2706,74.1098,'Sanvordem',NULL,NULL,NULL,NULL,858,2),(858,2,15.2709,74.1101,'Sanvordem',NULL,NULL,NULL,NULL,857,2),(859,2,15.2727,73.9638,'Aquem',NULL,NULL,NULL,NULL,860,2),(860,2,15.2726,73.9637,'Aquem',NULL,NULL,NULL,NULL,859,2),(861,2,15.2721,73.9708,'Pandava Chapel Bus Stand',NULL,NULL,NULL,NULL,862,2),(862,2,15.272,73.9708,'Pandava Chapel Bus Stand',NULL,NULL,NULL,NULL,861,2),(863,2,15.2724,73.9742,'Costa Factory Bus Stand',NULL,NULL,NULL,NULL,864,2),(864,2,15.2723,73.9742,'Costa Factory Bus Stand',NULL,NULL,NULL,NULL,863,2),(865,2,15.273,73.9777,'Aquem Power House Bus Stand',NULL,NULL,NULL,NULL,866,2),(866,2,15.2729,73.9778,'Aquem Power House Bus Stand',NULL,NULL,NULL,NULL,865,2),(867,2,15.292,74.1851,'Kalay',NULL,NULL,NULL,NULL,868,2),(868,2,15.2919,74.1851,'Kalay',NULL,NULL,NULL,NULL,867,2),(869,2,15.2923,74.0072,'Mina Bus Stop',NULL,NULL,NULL,NULL,870,2),(870,2,15.2922,74.0072,'Mina Bus Stop',NULL,NULL,NULL,NULL,869,2),(871,2,15.2852,73.9771,'Gogol Bus Stop',NULL,NULL,NULL,NULL,872,2),(872,2,15.285,73.9772,'Gogol Bus Stop',NULL,NULL,NULL,NULL,871,2),(873,2,15.274,74.099,'Digas Ponchavadi Bus Stop',NULL,NULL,NULL,NULL,874,2),(874,2,15.2741,74.099,'Digas Ponchavadi Bus Stop',NULL,NULL,NULL,NULL,873,2),(875,2,15.2773,74.1207,'Guddimol',NULL,NULL,NULL,NULL,876,2),(876,2,15.2774,74.1206,'Guddimol',NULL,NULL,NULL,NULL,875,2),(877,2,15.376,74.2273,'Mollem',NULL,NULL,NULL,NULL,878,2),(878,2,15.3758,74.2275,'Mollem',NULL,NULL,NULL,NULL,877,2),(879,2,15.3362,74.2436,'Collem',NULL,NULL,NULL,NULL,880,2),(880,2,15.3363,74.2438,'Collem',NULL,NULL,NULL,NULL,879,2),(881,2,15.3623,74.2335,'Navavada',NULL,NULL,NULL,NULL,882,2),(882,2,15.3619,74.2339,'Navavada',NULL,NULL,NULL,NULL,881,2),(883,2,15.33,74.2054,'Shigao',NULL,NULL,NULL,NULL,884,2),(884,2,15.3294,74.2058,'Shigao',NULL,NULL,NULL,NULL,883,2),(885,2,15.3258,74.1528,'Karmane',NULL,NULL,NULL,NULL,886,2),(886,2,15.3256,74.1527,'Karmane',NULL,NULL,NULL,NULL,885,2),(887,2,15.3141,74.1403,'Savargal',NULL,NULL,NULL,NULL,888,2),(888,2,15.3141,74.1404,'Savargal',NULL,NULL,NULL,NULL,887,2),(889,2,15.3025,74.1366,'Bandoli',NULL,NULL,NULL,NULL,890,2),(890,2,15.3025,74.1367,'Bandoli',NULL,NULL,NULL,NULL,889,2),(891,2,15.2843,74.1281,'Dhadem',NULL,NULL,NULL,NULL,892,2),(892,2,15.2843,74.1283,'Dhadem',NULL,NULL,NULL,NULL,891,2),(893,2,15.2774,74.1206,'Guddimol',NULL,NULL,NULL,NULL,894,2),(894,2,15.2773,74.1207,'Guddimol',NULL,NULL,NULL,NULL,893,2),(895,2,15.2824,73.9784,'Old College Bus Stand',NULL,NULL,NULL,NULL,896,2),(896,2,15.2824,73.9785,'Old College Bus Stand',NULL,NULL,NULL,NULL,895,2),(897,2,14.8463,74.1316,'Sadashivgad Fort',NULL,NULL,NULL,NULL,898,2),(898,2,14.8463,74.1315,'Sadashivgad Fort',NULL,NULL,NULL,NULL,897,2),(899,2,14.8546,74.1305,'Sadashivgad KSRTC BUS STOP',NULL,NULL,NULL,NULL,900,2),(900,2,14.8546,74.1306,'Sadashivgad KSRTC BUS STOP',NULL,NULL,NULL,NULL,899,2),(901,2,14.8954,74.1042,'Mazali',NULL,NULL,NULL,NULL,902,2),(902,2,14.8953,74.1039,'Mazali',NULL,NULL,NULL,NULL,901,2),(903,2,14.9262,74.0714,'Shelin',NULL,NULL,NULL,NULL,904,2),(904,2,14.9261,74.0713,'Shelin',NULL,NULL,NULL,NULL,903,2),(905,2,15.3578,73.9272,'Verna Pirni',NULL,NULL,NULL,NULL,183,2),(906,2,15.3756,73.904,'Metastrip Bus Stop',NULL,NULL,NULL,NULL,907,2),(907,2,15.3754,73.9041,'Metastrip Bus Stop',NULL,NULL,NULL,NULL,906,2),(908,2,15.3726,73.8922,'Upasnager Bus Stop',NULL,NULL,NULL,NULL,909,2),(909,2,15.3723,73.892,'Upasnager Bus Stop',NULL,NULL,NULL,NULL,908,2),(910,2,15.3848,73.8676,'Zuarinager Bus Stop',NULL,NULL,NULL,NULL,911,2),(911,2,15.3848,73.8676,'Zuarinager Bus Stop',NULL,NULL,NULL,NULL,910,2),(912,2,15.3874,73.864,'MES College Bus Stop',NULL,NULL,NULL,NULL,913,2),(913,2,15.3873,73.864,'MES College Bus Stop',NULL,NULL,NULL,NULL,912,2),(914,2,15.3996,73.8109,'Kadamba Shuttle Service Vasco',NULL,NULL,NULL,NULL,NULL,2),(915,2,15.3964,73.8123,'Vasco Railwaystation Bus Stop',NULL,NULL,NULL,NULL,NULL,2),(916,2,17.6787,75.3265,'Pandharpur MSRTC Bus Stand',NULL,NULL,NULL,NULL,NULL,2),(917,2,15.4808,74.0197,'Savoi Verem',NULL,NULL,NULL,NULL,918,2),(918,2,15.4807,74.0197,'Savoi Verem',NULL,NULL,NULL,NULL,917,2),(919,2,15.494,74.0134,'Volvoi',NULL,NULL,NULL,NULL,NULL,2),(920,2,15.495,74.0162,'Savoi',NULL,NULL,NULL,NULL,NULL,2),(921,2,15.2638,74.1113,'Curchorem Market Bus stop',NULL,NULL,NULL,NULL,922,2),(922,2,15.2639,74.1114,'Curchorem Market Bus stop',NULL,NULL,NULL,NULL,921,2),(923,2,15.1023,74.1597,'Sulcorna',NULL,NULL,NULL,NULL,924,2),(924,2,15.1023,74.1598,'Sulcorna',NULL,NULL,NULL,NULL,923,2),(925,2,15.1498,74.1308,'Colomba',NULL,NULL,NULL,NULL,926,2),(926,2,15.1497,74.1307,'Colomba',NULL,NULL,NULL,NULL,925,2),(927,2,15.165,74.108,'Rivona',NULL,NULL,NULL,NULL,928,2),(928,2,15.1648,74.1079,'Rivona',NULL,NULL,NULL,NULL,927,2),(929,2,15.187,74.0964,'Zambavlim',NULL,NULL,NULL,NULL,930,2),(930,2,15.187,74.0965,'Zambavlim',NULL,NULL,NULL,NULL,929,2),(931,2,15.207,74.0926,'Shirvoi',NULL,NULL,NULL,NULL,932,2),(932,2,15.2072,74.093,'Shirvoi',NULL,NULL,NULL,NULL,931,2),(933,2,15.3873,73.9992,'Dhavli',NULL,NULL,NULL,NULL,934,2),(934,2,15.3871,73.9991,'Dhavli',NULL,NULL,NULL,NULL,933,2),(935,2,15.3599,74.104,'Dabhal Bus Stop',NULL,NULL,NULL,NULL,936,2),(936,2,15.3597,74.104,'Dabhal Bus Stop',NULL,NULL,NULL,NULL,935,2),(937,2,15.3695,74.0686,'Nirankal',NULL,NULL,NULL,NULL,938,2),(938,2,15.3694,74.0686,'Nirankal',NULL,NULL,NULL,NULL,937,2),(939,2,15.3564,74.1237,'Codli Tisk',NULL,NULL,NULL,NULL,940,2),(940,2,15.3563,74.1239,'Codli Tisk',NULL,NULL,NULL,NULL,939,2),(941,2,15.3326,74.0902,'Kamorcond',NULL,NULL,NULL,NULL,942,2),(942,2,15.3326,74.0904,'Kamorcond',NULL,NULL,NULL,NULL,941,2),(943,2,15.2778,73.9209,'Colva Beach',NULL,NULL,NULL,NULL,944,2),(944,2,15.2775,73.921,'Colva Beach',NULL,NULL,NULL,NULL,943,2),(945,2,15.2874,73.9204,'Gandaulim',NULL,NULL,NULL,NULL,946,2),(946,2,15.2873,73.9205,'Gandaulim',NULL,NULL,NULL,NULL,945,2),(947,2,15.3006,73.9198,'Betalbatim Bus Stop',NULL,NULL,NULL,NULL,948,2),(948,2,15.3005,73.9199,'Betalbatim Bus Stop',NULL,NULL,NULL,NULL,947,2),(949,2,15.261,73.9302,'Benaulim X',NULL,NULL,NULL,NULL,NULL,2),(950,2,15.3199,73.9838,'Uzro Junction Bus Stop',NULL,NULL,NULL,NULL,951,2),(951,2,15.3197,73.9839,'Uzro Junction Bus Stop',NULL,NULL,NULL,NULL,950,2),(952,2,15.4792,74.0384,'Surla',NULL,NULL,NULL,NULL,953,2),(953,2,15.4792,74.0386,'Surla',NULL,NULL,NULL,NULL,952,2),(954,2,15.6133,73.9622,'Ladpem',NULL,NULL,NULL,NULL,955,2),(955,2,15.6132,73.9623,'Ladpem',NULL,NULL,NULL,NULL,954,2),(956,2,15.1439,73.9931,'Fatorpa',NULL,NULL,NULL,NULL,NULL,2),(957,2,15.3131,73.912,'Majorda Bus Stop',NULL,NULL,NULL,NULL,958,2),(958,2,15.3132,73.912,'Majorda Bus Stop',NULL,NULL,NULL,NULL,957,2),(959,2,15.0083,74.0709,'Canacona IDC',NULL,NULL,NULL,NULL,960,2),(960,2,15.0081,74.0709,'Canacona IDC',NULL,NULL,NULL,NULL,959,2),(961,2,15.5,74.0536,'Velguem',NULL,NULL,NULL,NULL,962,2),(962,2,15.5,74.0533,'Velguem',NULL,NULL,NULL,NULL,961,2),(963,2,15.4879,74.0446,'Surla',NULL,NULL,NULL,NULL,964,2),(964,2,15.4879,74.0447,'Surla',NULL,NULL,NULL,NULL,963,2),(965,2,15.4338,73.9718,'Veling Bus Stop',NULL,NULL,NULL,NULL,966,2),(966,2,15.4338,73.9719,'Veling Bus Stop',NULL,NULL,NULL,NULL,965,2),(967,2,15.3913,73.9884,'Don Khamb Bus Stop Ponda Durbhat',NULL,NULL,NULL,NULL,968,2),(968,2,15.3913,73.9884,'Don Khamb Bus Stop Ponda Durbhat',NULL,NULL,NULL,NULL,967,2),(969,2,15.4007,74.0041,'Old Bus Stand Ponda',NULL,NULL,NULL,NULL,NULL,2),(970,2,15.1814,73.9884,'Murida Bus Stop',NULL,NULL,NULL,NULL,971,2),(971,2,15.1812,73.9884,'Murida Bus Stop',NULL,NULL,NULL,NULL,970,2),(972,2,15.1508,73.9628,'Baradi Bus Stop',NULL,NULL,NULL,NULL,973,2),(973,2,15.1504,73.9629,'Baradi Bus Stop',NULL,NULL,NULL,NULL,972,2),(974,2,15.0869,74.172,'Devrem',NULL,NULL,NULL,NULL,975,2),(975,2,15.0865,74.172,'Devrem',NULL,NULL,NULL,NULL,974,2),(976,2,15.1245,74.1404,'Donbosco',NULL,NULL,NULL,NULL,977,2),(977,2,15.1246,74.1405,'Donbosco',NULL,NULL,NULL,NULL,976,2),(978,2,14.8971,74.1076,'Majali Bus Stop',NULL,NULL,NULL,NULL,979,2),(979,2,14.8972,74.1077,'Majali Bus Stop',NULL,NULL,NULL,NULL,978,2),(980,2,14.8959,74.1177,'San Mudgeri Bus Stop',NULL,NULL,NULL,NULL,981,2),(981,2,14.8958,74.1177,'San Mudgeri Bus Stop',NULL,NULL,NULL,NULL,980,2),(982,2,14.8955,74.126,'Angadi Bus Stop',NULL,NULL,NULL,NULL,983,2),(983,2,14.8954,74.1259,'Angadi Bus Stop',NULL,NULL,NULL,NULL,982,2),(984,2,15.2607,73.9457,'Birondi  Bus  Stop',NULL,NULL,NULL,NULL,985,2),(985,2,15.2606,73.9457,'Birondi  Bus  Stop',NULL,NULL,NULL,NULL,984,2),(986,2,15.1501,74.0046,'Cotta Bus Stop',NULL,NULL,NULL,NULL,987,2),(987,2,15.1501,74.0045,'Cotta Bus Stop',NULL,NULL,NULL,NULL,986,2),(988,2,15.1227,73.9574,'Naquerim',NULL,NULL,NULL,NULL,989,2),(989,2,15.1224,73.9574,'Naquerim',NULL,NULL,NULL,NULL,988,2),(990,2,15.1266,73.9699,'Quitla',NULL,NULL,NULL,NULL,991,2),(991,2,15.1262,73.9699,'Quitla',NULL,NULL,NULL,NULL,990,2),(992,2,15.1207,73.9445,'Canaguinim',NULL,NULL,NULL,NULL,993,2),(993,2,15.1206,73.9446,'Canaguinim',NULL,NULL,NULL,NULL,992,2),(994,2,15.1124,73.9426,'Nuem Bus Stop',NULL,NULL,NULL,NULL,995,2),(995,2,15.1124,73.9422,'Nuem Bus Stop',NULL,NULL,NULL,NULL,994,2),(996,2,15.0352,73.9941,'Val',NULL,NULL,NULL,NULL,NULL,2),(997,2,15.0352,73.9941,'Val',NULL,NULL,NULL,NULL,998,2),(998,2,15.0348,73.9942,'Val',NULL,NULL,NULL,NULL,997,2),(999,2,15.0524,73.9837,'karashumol',NULL,NULL,NULL,NULL,1000,2),(1000,2,15.0522,73.9831,'karashumol',NULL,NULL,NULL,NULL,999,2),(1001,2,15.1074,73.9437,'Mollovem',NULL,NULL,NULL,NULL,1002,2),(1002,2,15.1075,73.9434,'Mollovem',NULL,NULL,NULL,NULL,1001,2),(1003,2,15.0964,73.9468,'Matimol',NULL,NULL,NULL,NULL,1004,2),(1004,2,15.0962,73.9466,'Matimol',NULL,NULL,NULL,NULL,1003,2),(1005,2,15.0878,73.9585,'Shirotti',NULL,NULL,NULL,NULL,1006,2),(1006,2,15.0873,73.9582,'Shirotti',NULL,NULL,NULL,NULL,1005,2),(1007,2,15.0739,73.9592,'Vagon',NULL,NULL,NULL,NULL,1008,2),(1008,2,15.0735,73.9593,'Vagon',NULL,NULL,NULL,NULL,1007,2),(1009,2,15.0726,73.9676,'Cajumol',NULL,NULL,NULL,NULL,1010,2),(1010,2,15.0724,73.9677,'Cajumol',NULL,NULL,NULL,NULL,1009,2),(1011,2,15.0719,73.9798,'Saleri',NULL,NULL,NULL,NULL,1012,2),(1012,2,15.0715,73.9796,'Saleri',NULL,NULL,NULL,NULL,1011,2),(1013,2,15.0629,73.9819,'Parvem',NULL,NULL,NULL,NULL,1014,2),(1014,2,15.063,73.9815,'Parvem',NULL,NULL,NULL,NULL,1013,2),(1015,2,15.0412,73.9886,'karashumol',NULL,NULL,NULL,NULL,NULL,2),(1016,2,15.262,73.9378,'Avlakode Bus Stop',NULL,NULL,NULL,NULL,1017,2),(1017,2,15.2619,73.9378,'Avlakode Bus Stop',NULL,NULL,NULL,NULL,1016,2),(1018,2,15.2616,73.9363,'Moga Bai Bus Stop',NULL,NULL,NULL,NULL,NULL,2),(1019,2,15.0986,73.9376,'Goval',NULL,NULL,NULL,NULL,1020,2),(1020,2,15.0983,73.9376,'Goval',NULL,NULL,NULL,NULL,1019,2),(1021,2,15.8068,73.7392,'Varchi Malewad School No. 2 Bus Stop',NULL,NULL,NULL,NULL,1022,2),(1022,2,15.8068,73.7393,'Varchi Malewad School No. 2 Bus Stop',NULL,NULL,NULL,NULL,1021,2),(1023,2,16.0561,73.4749,'Malvan Bus Stand',NULL,NULL,NULL,NULL,NULL,2),(1024,2,16.0577,73.4825,'Narayan Mandir Bus Stop',NULL,NULL,NULL,NULL,1025,2),(1025,2,16.0576,73.4825,'Narayan Mandir Bus Stop',NULL,NULL,NULL,NULL,1024,2),(1026,2,16.0607,73.4891,'Kumbharmath Teetha  Bus  Stop',NULL,NULL,NULL,NULL,1027,2),(1027,2,16.0606,73.4891,'Kumbharmath Teetha  Bus  Stop',NULL,NULL,NULL,NULL,1026,2),(1028,2,16.058,73.5448,'Chauke Bus Stop',NULL,NULL,NULL,NULL,1029,2),(1029,2,16.0578,73.5447,'Chauke Bus Stop',NULL,NULL,NULL,NULL,1028,2),(1030,2,16.0248,73.6019,'Kalse  Bus  Stop',NULL,NULL,NULL,NULL,1031,2),(1031,2,16.0247,73.6018,'Kalse  Bus  Stop',NULL,NULL,NULL,NULL,1030,2),(1032,2,16.0313,73.5939,'Dhamapur  Bus  Stop',NULL,NULL,NULL,NULL,1033,2),(1033,2,16.0312,73.5941,'Dhamapur  Bus  Stop',NULL,NULL,NULL,NULL,1032,2),(1034,2,15.8031,73.6669,'Nhaichiad Bus Stop',NULL,NULL,NULL,NULL,1035,2),(1035,2,15.8031,73.667,'Nhaichiad Bus Stop',NULL,NULL,NULL,NULL,1034,2),(1036,2,15.8558,73.6331,'Vengurla Bus Stand',NULL,NULL,NULL,NULL,NULL,2),(1037,2,16.0055,73.5013,'Korjai',NULL,NULL,NULL,NULL,NULL,2),(1038,2,15.8729,73.7981,'Malgoan Bazar Bus Stop',NULL,NULL,NULL,NULL,1039,2),(1039,2,15.8729,73.7982,'Malgoan Bazar Bus Stop',NULL,NULL,NULL,NULL,1038,2),(1040,2,15.929,73.7798,'Akeri',NULL,NULL,NULL,NULL,1041,2),(1041,2,15.9279,73.7798,'Akeri',NULL,NULL,NULL,NULL,1040,2),(1042,2,15.9393,73.7505,'Zarap',NULL,NULL,NULL,NULL,1043,2),(1043,2,15.9392,73.7508,'Zarap',NULL,NULL,NULL,NULL,1042,2),(1044,2,14.951,74.0552,'Dhapot',NULL,NULL,NULL,NULL,1045,2),(1045,2,14.9509,74.0551,'Dhapot',NULL,NULL,NULL,NULL,1044,2),(1046,2,15.1281,74.034,'Bendordem',NULL,NULL,NULL,NULL,1047,2),(1047,2,15.128,74.0338,'Bendordem',NULL,NULL,NULL,NULL,1046,2),(1048,2,15.1058,74.0315,'Godeval',NULL,NULL,NULL,NULL,1049,2),(1049,2,15.1057,74.0309,'Godeval',NULL,NULL,NULL,NULL,1048,2),(1050,2,15.259,73.9936,'Dicarpale',NULL,NULL,NULL,NULL,NULL,2),(1051,2,15.4188,74.0577,'Holy Cross Bus Stop',NULL,NULL,NULL,NULL,1052,2),(1052,2,15.4187,74.0576,'Holy Cross Bus Stop',NULL,NULL,NULL,NULL,1051,2),(1053,2,15.4186,74.06,'Nestle Bus Stop',NULL,NULL,NULL,NULL,1054,2),(1054,2,15.4184,74.0599,'Nestle Bus Stop',NULL,NULL,NULL,NULL,1053,2),(1055,2,15.3996,74.1019,'Piliem Bus Stop',NULL,NULL,NULL,NULL,1056,2),(1056,2,15.3995,74.1018,'Piliem Bus Stop',NULL,NULL,NULL,NULL,1055,2),(1057,2,15.0336,74.1194,'Gaodongri',NULL,NULL,NULL,NULL,1058,2),(1058,2,15.0335,74.1193,'Gaodongri',NULL,NULL,NULL,NULL,1057,2),(1059,2,15.0184,74.1001,'Karvem',NULL,NULL,NULL,NULL,1060,2),(1060,2,15.0182,74.1003,'Karvem',NULL,NULL,NULL,NULL,1059,2),(1061,2,15.0423,74.1295,'Indrawado',NULL,NULL,NULL,NULL,1062,2),(1062,2,15.0419,74.1295,'Indrawado',NULL,NULL,NULL,NULL,1061,2),(1063,2,14.965,74.096,'Chiplem',NULL,NULL,NULL,NULL,1064,2),(1064,2,14.965,74.0959,'Chiplem',NULL,NULL,NULL,NULL,1063,2),(1065,2,14.9596,74.1212,'Khargal',NULL,NULL,NULL,NULL,NULL,2),(1066,2,15.4468,74.1739,'Malpon',NULL,NULL,NULL,NULL,NULL,2),(1067,2,15.3317,73.9908,'Camorlim, Ambora Bus Stop',NULL,NULL,NULL,NULL,1068,2),(1068,2,15.3317,73.9909,'Camorlim, Ambora Bus Stop',NULL,NULL,NULL,NULL,1067,2),(1069,2,15.3597,74.0007,'Saibaba Temple Bus Stop',NULL,NULL,NULL,NULL,1070,2),(1070,2,15.3598,74.0008,'Saibaba Temple Bus Stop',NULL,NULL,NULL,NULL,1069,2),(1071,2,15.4111,74.0256,'Curti',NULL,NULL,NULL,NULL,623,2),(1072,2,15.4941,74.0036,'Betki',NULL,NULL,NULL,NULL,1073,2),(1073,2,15.4942,74.004,'Betki',NULL,NULL,NULL,NULL,1072,2),(1074,2,15.4493,74.0093,'Arla Keri Bus Stop',NULL,NULL,NULL,NULL,1075,2),(1075,2,15.4493,74.0093,'Arla Keri Bus Stop',NULL,NULL,NULL,NULL,1074,2),(1076,2,15.4735,74.0166,'Velkasi',NULL,NULL,NULL,NULL,NULL,2),(1077,2,15.2602,73.9273,'Benaulim X',NULL,NULL,NULL,NULL,1078,2),(1078,2,15.2602,73.9273,'Benaulim X',NULL,NULL,NULL,NULL,1077,2),(1079,2,15.2574,73.921,'Benaulim Beach Bus Stop',NULL,NULL,NULL,NULL,1080,2),(1080,2,15.2573,73.9211,'Benaulim Beach Bus Stop',NULL,NULL,NULL,NULL,1079,2),(1081,2,15.1859,73.9474,'Cavelossim Bus Stop',NULL,NULL,NULL,NULL,1082,2),(1082,2,15.1858,73.9474,'Cavelossim Bus Stop',NULL,NULL,NULL,NULL,1081,2),(1083,2,15.3224,73.9064,'Utorda',NULL,NULL,NULL,NULL,1084,2),(1084,2,15.3223,73.9064,'Utorda',NULL,NULL,NULL,NULL,1083,2),(1085,2,15.2902,74.0226,'Curtorim Bus Stop',NULL,NULL,NULL,NULL,1086,2),(1086,2,15.2902,74.0226,'Curtorim Bus Stop',NULL,NULL,NULL,NULL,1085,2),(1087,2,15.2916,74.0345,'Carmel Chapel',NULL,NULL,NULL,NULL,1088,2),(1088,2,15.2915,74.0345,'Carmel Chapel',NULL,NULL,NULL,NULL,1087,2),(1089,2,15.2897,74.0587,'Macasana Bus Stop',NULL,NULL,NULL,NULL,1090,2),(1090,2,15.2897,74.0587,'Macasana Bus Stop',NULL,NULL,NULL,NULL,1089,2),(1091,2,15.1932,74.1073,'Molcornem',NULL,NULL,NULL,NULL,1092,2),(1092,2,15.1928,74.1073,'Molcornem',NULL,NULL,NULL,NULL,1091,2),(1093,2,15.1361,74.1326,'Kelvona',NULL,NULL,NULL,NULL,1094,2),(1094,2,15.1361,74.1325,'Kelvona',NULL,NULL,NULL,NULL,1093,2),(1095,2,15.3118,73.9891,'Power House Bus Stop',NULL,NULL,NULL,NULL,1096,2),(1096,2,15.3117,73.9892,'Power House Bus Stop',NULL,NULL,NULL,NULL,1095,2),(1097,2,15.2886,73.9775,'Parvatibai Chowgule College Bus Stop Margao',NULL,NULL,NULL,NULL,1098,2),(1098,2,15.2885,73.9773,'Parvatibai Chowgule College Bus Stop Margao',NULL,NULL,NULL,NULL,1097,2),(1099,2,15.2765,73.9844,'Rumdamol Ground Bus Stop',NULL,NULL,NULL,NULL,1100,2),(1100,2,15.2765,73.9844,'Rumdamol Ground Bus Stop',NULL,NULL,NULL,NULL,1099,2),(1101,2,15.2397,74.0216,'Gudi',NULL,NULL,NULL,NULL,812,2),(1102,2,15.2615,74.0442,'Chandor Bus Stop',NULL,NULL,NULL,NULL,1103,2),(1103,2,15.2615,74.0443,'Chandor Bus Stop',NULL,NULL,NULL,NULL,1102,2),(1104,2,15.2513,74.0351,'Alma Khuris Bus Stop',NULL,NULL,NULL,NULL,1105,2),(1105,2,15.2512,74.0352,'Alma Khuris Bus Stop',NULL,NULL,NULL,NULL,1104,2),(1106,2,15.2577,74.0551,'Cotta Bus Stop',NULL,NULL,NULL,NULL,1107,2),(1107,2,15.2577,74.0551,'Cotta Bus Stop',NULL,NULL,NULL,NULL,1106,2),(1108,2,15.2573,74.0598,'Assolda  Bus Stop',NULL,NULL,NULL,NULL,675,2),(1109,2,15.2601,74.0678,'Xelvona Bus Stop[',NULL,NULL,NULL,NULL,1110,2),(1110,2,15.26,74.0678,'Xelvona Bus Stop[',NULL,NULL,NULL,NULL,1109,2),(1111,2,15.263,74.0924,'Odar Bus Stop',NULL,NULL,NULL,NULL,1112,2),(1112,2,15.263,74.0923,'Odar Bus Stop',NULL,NULL,NULL,NULL,1111,2),(1113,2,15.2608,74.0954,'St Sebastian Chapel Oddar Bus Stop',NULL,NULL,NULL,NULL,1114,2),(1114,2,15.2609,74.0954,'St Sebastian Chapel Oddar Bus Stop',NULL,NULL,NULL,NULL,1113,2),(1115,2,15.2584,74.1052,'Dr. Ambedkar Circle Bus Stop Curchorem',NULL,NULL,NULL,NULL,678,2),(1116,2,15.2578,74.1106,'Shivaji Chowk Bus Stop Vodlemol Cacora, Goa',NULL,NULL,NULL,NULL,1117,2),(1117,2,15.258,74.1105,'Shivaji Chowk Bus Stop Vodlemol Cacora, Goa',NULL,NULL,NULL,NULL,1116,2),(1118,2,15.4615,74.0313,'Vagurme Bus Stand',NULL,NULL,NULL,NULL,1119,2),(1119,2,15.4616,74.0314,'Vagurme Bus Stand',NULL,NULL,NULL,NULL,1118,2),(1120,2,15.4185,73.9428,'Madkai Bus Stop',NULL,NULL,NULL,NULL,1121,2),(1121,2,15.4185,73.9427,'Madkai Bus Stop',NULL,NULL,NULL,NULL,1120,2),(1122,2,15.3953,74.0246,'Betora Bus Stand',NULL,NULL,NULL,NULL,1123,2),(1123,2,15.3953,74.0248,'Betora Bus Stand',NULL,NULL,NULL,NULL,1122,2),(1124,2,15.3877,74.0297,'Betora IDC Bus Stop',NULL,NULL,NULL,NULL,1125,2),(1125,2,15.3875,74.0294,'Betora IDC Bus Stop',NULL,NULL,NULL,NULL,1124,2),(1126,2,15.3895,74.0457,'Padale Bus Stop',NULL,NULL,NULL,NULL,NULL,2),(1127,2,15.3994,73.9817,'Ramnathi Bus Stop',NULL,NULL,NULL,NULL,1128,2),(1128,2,15.3993,73.9817,'Ramnathi Bus Stop',NULL,NULL,NULL,NULL,1127,2),(1129,2,15.4054,73.9568,'Undir Bus Stop',NULL,NULL,NULL,NULL,1130,2),(1130,2,15.4048,73.9569,'Undir Bus Stop',NULL,NULL,NULL,NULL,1129,2),(1131,2,15.4058,73.9613,'Kharvode Bus Stop',NULL,NULL,NULL,NULL,1132,2),(1132,2,15.4055,73.9613,'Kharvode Bus Stop',NULL,NULL,NULL,NULL,1131,2),(1133,2,15.4005,73.9735,'Taluale Bus Stop',NULL,NULL,NULL,NULL,1134,2),(1134,2,15.4004,73.9735,'Taluale Bus Stop',NULL,NULL,NULL,NULL,1133,2),(1135,2,15.4064,73.9796,'Bandoda Bus Stand',NULL,NULL,NULL,NULL,1136,2),(1136,2,15.4063,73.9796,'Bandoda Bus Stand',NULL,NULL,NULL,NULL,1135,2),(1137,2,15.4074,73.9841,'Nageshi Temple Bus Stop',NULL,NULL,NULL,NULL,1138,2),(1138,2,15.4074,73.984,'Nageshi Temple Bus Stop',NULL,NULL,NULL,NULL,1137,2),(1139,2,15.391,73.9165,'Cortalim Bus Stand',NULL,NULL,NULL,NULL,1140,2),(1140,2,15.3911,73.9165,'Cortalim Bus Stand',NULL,NULL,NULL,NULL,1139,2),(1141,2,15.2658,73.9445,'George Baretto Bus Stop',NULL,NULL,NULL,NULL,1142,2),(1142,2,15.2657,73.9445,'George Baretto Bus Stop',NULL,NULL,NULL,NULL,1141,2),(1143,2,15.2621,73.944,'Patrocin Copel Bus Stop',NULL,NULL,NULL,NULL,1144,2),(1144,2,15.2621,73.944,'Patrocin Copel Bus Stop',NULL,NULL,NULL,NULL,1143,2),(1145,2,15.4011,74.0129,'St Marys Bus Stop',NULL,NULL,NULL,NULL,1146,2),(1146,2,15.4009,74.013,'St Marys Bus Stop',NULL,NULL,NULL,NULL,1145,2),(1147,2,15.308,74.0263,'Talpanem, Shiroda, Bus Stand',NULL,NULL,NULL,NULL,1148,2),(1148,2,15.3079,74.0264,'Talpanem, Shiroda, Bus Stand',NULL,NULL,NULL,NULL,1147,2),(1149,2,15.2318,73.9436,'Varca  Bus Stand',NULL,NULL,NULL,NULL,1150,2),(1150,2,15.2317,73.9435,'Varca  Bus Stand',NULL,NULL,NULL,NULL,1149,2),(1151,2,15.6002,73.7359,'Vagator Beach Bus Stop',NULL,NULL,NULL,NULL,601,2),(1152,2,15.3279,73.9024,'Arossim Bus Stop',NULL,NULL,NULL,NULL,1153,2),(1153,2,15.3279,73.9025,'Arossim Bus Stop',NULL,NULL,NULL,NULL,1152,2),(1154,2,15.3446,73.899,'Cansaulim Bus Stop',NULL,NULL,NULL,NULL,1155,2),(1155,2,15.3448,73.8989,'Cansaulim Bus Stop',NULL,NULL,NULL,NULL,1154,2),(1156,2,15.3495,73.889,'Velsao Bus Stop',NULL,NULL,NULL,NULL,1157,2),(1157,2,15.3495,73.889,'Velsao Bus Stop',NULL,NULL,NULL,NULL,1156,2),(1158,2,15.3077,73.9346,'Calata Bus Stop',NULL,NULL,NULL,NULL,1159,2),(1159,2,15.3076,73.9346,'Calata Bus Stop',NULL,NULL,NULL,NULL,1158,2),(1160,2,15.3637,74.1752,'Suktalem Bus Stop',NULL,NULL,NULL,NULL,1161,2),(1161,2,15.3635,74.1753,'Suktalem Bus Stop',NULL,NULL,NULL,NULL,1160,2),(1162,2,15.4403,74.3037,'Anmod Bus Stop',NULL,NULL,NULL,NULL,1163,2),(1163,2,15.4403,74.3037,'Anmod Bus Stop',NULL,NULL,NULL,NULL,1162,2),(1164,2,15.4289,74.2839,'Goa Border Bus Stop',NULL,NULL,NULL,NULL,1165,2),(1165,2,15.4288,74.2839,'Goa Border Bus Stop',NULL,NULL,NULL,NULL,1164,2),(1166,2,15.446,74.4023,'Tinneghat Bus Stop',NULL,NULL,NULL,NULL,1167,2),(1167,2,15.4462,74.4023,'Tinneghat Bus Stop',NULL,NULL,NULL,NULL,1166,2),(1168,2,15.4231,74.4914,'Ramnager Bus Stop',NULL,NULL,NULL,NULL,1169,2),(1169,2,15.423,74.4914,'Ramnager Bus Stop',NULL,NULL,NULL,NULL,1168,2),(1170,2,15.4454,74.4858,'Londa Bus Stop',NULL,NULL,NULL,NULL,1171,2),(1171,2,15.4455,74.4859,'Londa Bus Stop',NULL,NULL,NULL,NULL,1170,2),(1172,2,15.5377,74.4912,'Gunji Bus Stop',NULL,NULL,NULL,NULL,1173,2),(1173,2,15.5376,74.4913,'Gunji Bus Stop',NULL,NULL,NULL,NULL,1172,2),(1174,2,15.6436,74.5044,'Khanapur Bus Stand',NULL,NULL,NULL,NULL,NULL,2),(1175,2,15.8493,74.5066,'Station Bus Stop',NULL,NULL,NULL,NULL,1176,2),(1176,2,15.8493,74.5069,'Station Bus Stop',NULL,NULL,NULL,NULL,1175,2),(1177,2,15.8604,74.5076,'Bogarves Bus Stop',NULL,NULL,NULL,NULL,1178,2),(1178,2,15.8587,74.5074,'Bogarves Bus Stop',NULL,NULL,NULL,NULL,1177,2),(1179,2,15.864,74.5079,'Rls College Bus Stop',NULL,NULL,NULL,NULL,NULL,2),(1180,2,15.8669,74.5098,'Chennamma Bus Stop',NULL,NULL,NULL,NULL,NULL,2),(1181,2,15.8679,74.5116,'Civil Hospital Bus Stop',NULL,NULL,NULL,NULL,NULL,2),(1182,2,15.8673,74.5131,'Court Bus Stop',NULL,NULL,NULL,NULL,NULL,2),(1183,2,15.8662,74.5193,'RTO Bus Stop',NULL,NULL,NULL,NULL,NULL,2),(1184,2,15.8629,74.5256,'Belgaum Bus Stand',NULL,NULL,NULL,NULL,NULL,2),(1185,2,15.2134,74.037,'Paroda Bus Stop',NULL,NULL,NULL,NULL,NULL,2),(1186,2,15.2351,73.9851,'Dharmapur Bus Stop',NULL,NULL,NULL,NULL,1187,2),(1187,2,15.2351,73.9851,'Dharmapur Bus Stop',NULL,NULL,NULL,NULL,1186,2),(1188,2,15.2331,73.9928,'Dharmapur Bus Stop',NULL,NULL,NULL,NULL,NULL,2),(1189,2,14.9511,74.1166,'Tirvan Bus Stop',NULL,NULL,NULL,NULL,1190,2),(1190,2,14.9511,74.1167,'Tirvan Bus Stop',NULL,NULL,NULL,NULL,1189,2),(1191,2,14.9601,74.0959,'Iddar',NULL,NULL,NULL,NULL,1192,2),(1192,2,14.9599,74.096,'Iddar',NULL,NULL,NULL,NULL,1191,2),(1193,2,14.9566,74.1069,'Bours Bus Stop',NULL,NULL,NULL,NULL,1194,2),(1194,2,14.9565,74.1069,'Bours Bus Stop',NULL,NULL,NULL,NULL,1193,2),(1195,2,14.8056,74.128,'Karwar Bus Stand',NULL,NULL,NULL,NULL,NULL,2),(1196,2,14.7275,74.2839,'Aversa Bus Stand',NULL,NULL,NULL,NULL,NULL,2),(1197,2,14.6602,74.3067,'Ankola Bus Stand',NULL,NULL,NULL,NULL,NULL,2),(1198,2,14.5459,74.3194,'Gokarna Bus Stand',NULL,NULL,NULL,NULL,1199,2),(1199,2,14.5459,74.3193,'Gokarna Bus Stand',NULL,NULL,NULL,NULL,1198,2),(1200,2,15.7462,73.8923,'Chandel Bus Stop',NULL,NULL,NULL,NULL,NULL,2),(1201,2,15.6884,73.9126,'Dumacem Bus Stop',NULL,NULL,NULL,NULL,NULL,2),(1202,2,15.6387,73.8992,'Advalpale Bus Stop',NULL,NULL,NULL,NULL,1203,2),(1203,2,15.6388,73.8992,'Advalpale Bus Stop',NULL,NULL,NULL,NULL,1202,2),(1204,2,15.5967,73.8959,'Poira Bus Stop',NULL,NULL,NULL,NULL,1205,2),(1205,2,15.5966,73.896,'Poira Bus Stop',NULL,NULL,NULL,NULL,1204,2),(1206,2,15.5735,73.8222,'Paliem Bus Stop',NULL,NULL,NULL,NULL,NULL,2),(1207,2,15.5819,73.8254,'Bastora Bus Stop',NULL,NULL,NULL,NULL,1208,2),(1208,2,15.5819,73.8254,'Bastora Bus Stop',NULL,NULL,NULL,NULL,1207,2),(1209,2,15.5683,73.784,'Parra Bus Stop',NULL,NULL,NULL,NULL,1210,2),(1210,2,15.5682,73.7841,'Parra Bus Stop',NULL,NULL,NULL,NULL,1209,2),(1211,2,16.5461,73.8321,'Gaganbawda',NULL,NULL,NULL,NULL,438,2),(1212,2,15.4104,74.0536,'Opa Bus Stand',NULL,NULL,NULL,NULL,1213,2),(1213,2,15.4104,74.0536,'Opa Bus Stand',NULL,NULL,NULL,NULL,1212,2),(1214,2,15.5473,73.9887,'Virdi Bus Stand',NULL,NULL,NULL,NULL,1215,2),(1215,2,15.5468,73.9886,'Virdi Bus Stand',NULL,NULL,NULL,NULL,1214,2),(1216,2,15.6331,73.8928,'Piligao Bus Stop',NULL,NULL,NULL,NULL,NULL,2),(1217,2,15.4783,73.8921,'Talaulim Bus Stop',NULL,NULL,NULL,NULL,1218,2),(1218,2,15.4783,73.8922,'Talaulim Bus Stop',NULL,NULL,NULL,NULL,1217,2),(1219,2,15.0064,74.0333,'Palolem Bus Stand',NULL,NULL,NULL,NULL,1220,2),(1220,2,15.0063,74.0333,'Palolem Bus Stand',NULL,NULL,NULL,NULL,1219,2),(1221,2,15.0132,74.0223,'Palolem Bus Stand',NULL,NULL,NULL,NULL,1222,2),(1222,2,15.0131,74.0223,'Palolem Bus Stand',NULL,NULL,NULL,NULL,1221,2),(1223,2,15.1646,73.9678,'Zaino Bus Stop',NULL,NULL,NULL,NULL,1224,2),(1224,2,15.1645,73.9678,'Zaino Bus Stop',NULL,NULL,NULL,NULL,1223,2),(1225,2,15.1842,74.0085,'Paricotto Bus Stand',NULL,NULL,NULL,NULL,1226,2),(1226,2,15.1839,74.0086,'Paricotto Bus Stand',NULL,NULL,NULL,NULL,1225,2),(1227,2,15.3873,73.9613,'Agstipura Bus Stop',NULL,NULL,NULL,NULL,NULL,2),(1228,2,15.3889,73.984,'Dhurbat Bus Stop',NULL,NULL,NULL,NULL,1229,2),(1229,2,15.3888,73.9841,'Dhurbat Bus Stop',NULL,NULL,NULL,NULL,1228,2),(1230,2,15.671,73.8437,'Dhargalim Bus Stop',NULL,NULL,NULL,NULL,1231,2),(1231,2,15.671,73.8437,'Dhargalim Bus Stop',NULL,NULL,NULL,NULL,1230,2),(1232,2,15.4056,74.1753,'Sancordem Bus Stop',NULL,NULL,NULL,NULL,1233,2),(1233,2,15.4055,74.1751,'Sancordem Bus Stop',NULL,NULL,NULL,NULL,1232,2),(1234,2,15.395,73.9268,'Curpawada Bus Stop',NULL,NULL,NULL,NULL,1235,2),(1235,2,15.395,73.9268,'Curpawada Bus Stop',NULL,NULL,NULL,NULL,1234,2),(1236,2,15.5408,73.9231,'Narve Ferry Bus Stop',NULL,NULL,NULL,NULL,1237,2),(1237,2,15.5407,73.9232,'Narve Ferry Bus Stop',NULL,NULL,NULL,NULL,1236,2),(1238,2,15.5549,73.8684,'Pomburfa Aldona Quitla Church',NULL,NULL,NULL,NULL,1239,2),(1239,2,15.5549,73.8685,'Pomburfa Aldona Quitla Church',NULL,NULL,NULL,NULL,1238,2),(1240,2,15.4841,73.8221,'Tambdi Mati Bus Stop',NULL,NULL,NULL,NULL,1241,2),(1241,2,15.4842,73.8222,'Tambdi Mati Bus Stop',NULL,NULL,NULL,NULL,1240,2),(1242,2,15.4825,73.8288,'Bhatlem Bus Stop',NULL,NULL,NULL,NULL,1243,2),(1243,2,15.4825,73.829,'Bhatlem Bus Stop',NULL,NULL,NULL,NULL,1242,2),(1244,2,15.4828,73.8299,'Chinchocem Bus Stand',NULL,NULL,NULL,NULL,1245,2),(1245,2,15.4827,73.8299,'Chinchocem Bus Stand',NULL,NULL,NULL,NULL,1244,2),(1246,2,15.4775,73.812,'Miramar Junction Bus Stop',NULL,NULL,NULL,NULL,1247,2),(1247,2,15.4775,73.8123,'Miramar Junction Bus Stop',NULL,NULL,NULL,NULL,1246,2),(1248,2,15.5821,73.8411,'Uskai Bus Stop[',NULL,NULL,NULL,NULL,1249,2),(1249,2,15.582,73.8412,'Uskai Bus Stop[',NULL,NULL,NULL,NULL,1248,2),(1250,2,15.4823,73.8102,'Dhempe College Bus Stop',NULL,NULL,NULL,NULL,1251,2),(1251,2,15.4821,73.8101,'Dhempe College Bus Stop',NULL,NULL,NULL,NULL,1250,2),(1252,2,15.4804,73.8122,'St. Inez Panjim Bus Stop',NULL,NULL,NULL,NULL,1253,2),(1253,2,15.4804,73.8122,'St. Inez Panjim Bus Stop',NULL,NULL,NULL,NULL,1252,2),(1254,2,15.5561,73.8341,'Socorro Bus Stop',NULL,NULL,NULL,NULL,NULL,2),(1255,2,15.5239,73.8336,'Porvorim Housing board Bus Stop',NULL,NULL,NULL,NULL,1256,2),(1256,2,15.5239,73.8337,'Porvorim Housing board Bus Stop',NULL,NULL,NULL,NULL,1255,2),(1257,2,15.5888,73.875,'Aldona ferry jetty',NULL,NULL,NULL,NULL,1258,2),(1258,2,15.5888,73.8749,'Aldona ferry jetty',NULL,NULL,NULL,NULL,1257,2),(1259,2,15.5884,73.8768,'Corjuem Ferry Bus Stop',NULL,NULL,NULL,NULL,NULL,2),(1260,2,15.6658,73.8389,'Don Khambe',NULL,NULL,NULL,NULL,97,2),(1261,2,15.7078,73.8289,'Bhutwadi Bus Stop',NULL,NULL,NULL,NULL,1262,2),(1262,2,15.7077,73.8289,'Bhutwadi Bus Stop',NULL,NULL,NULL,NULL,1261,2),(1263,2,15.7358,73.8306,'Amberem Bus Stop',NULL,NULL,NULL,NULL,NULL,2),(1264,2,15.6757,73.7825,'Khadpakade Bus Stop',NULL,NULL,NULL,NULL,1265,2),(1265,2,15.6755,73.7826,'Khadpakade Bus Stop',NULL,NULL,NULL,NULL,1264,2),(1266,2,15.6184,73.7337,'Morjim Tem Bus Stop',NULL,NULL,NULL,NULL,1267,2),(1267,2,15.6183,73.7338,'Morjim Tem Bus Stop',NULL,NULL,NULL,NULL,1266,2),(1268,2,15.7312,73.722,'Aronda Bus Stop',NULL,NULL,NULL,NULL,1269,2),(1269,2,15.7312,73.7221,'Aronda Bus Stop',NULL,NULL,NULL,NULL,1268,2),(1270,2,15.5929,74.0395,'Ravan Bus Stop',NULL,NULL,NULL,NULL,1271,2),(1271,2,15.5928,74.0396,'Ravan Bus Stop',NULL,NULL,NULL,NULL,1270,2),(1272,2,15.6024,74.0549,'Colony Bus Stop[',NULL,NULL,NULL,NULL,1273,2),(1273,2,15.6021,74.055,'Colony Bus Stop[',NULL,NULL,NULL,NULL,1272,2),(1274,2,15.6091,74.0641,'Gonteli Bus Stop',NULL,NULL,NULL,NULL,1275,2),(1275,2,15.609,74.0642,'Gonteli Bus Stop',NULL,NULL,NULL,NULL,1274,2),(1276,2,15.6272,74.1293,'Charavane Bus Stop',NULL,NULL,NULL,NULL,1277,2),(1277,2,15.6272,74.1294,'Charavane Bus Stop',NULL,NULL,NULL,NULL,1276,2),(1278,2,15.6448,74.0765,'Virdi Bus Stop',NULL,NULL,NULL,NULL,1279,2),(1279,2,15.6448,74.0766,'Virdi Bus Stop',NULL,NULL,NULL,NULL,1278,2),(1280,2,15.6222,74.0649,'Shiroli Bus Stop',NULL,NULL,NULL,NULL,1281,2),(1281,2,15.6222,74.065,'Shiroli Bus Stop',NULL,NULL,NULL,NULL,1280,2),(1282,2,15.4882,74.1335,'Bhironda Bus Stop',NULL,NULL,NULL,NULL,1283,2),(1283,2,15.488,74.1335,'Bhironda Bus Stop',NULL,NULL,NULL,NULL,1282,2),(1284,2,15.631,74.1458,'Ivrem BUs Stand',NULL,NULL,NULL,NULL,1285,2),(1285,2,15.6307,74.1463,'Ivrem BUs Stand',NULL,NULL,NULL,NULL,1284,2),(1286,2,15.4817,74.1278,'Dhamshem Bus Stop',NULL,NULL,NULL,NULL,1287,2),(1287,2,15.4816,74.1279,'Dhamshem Bus Stop',NULL,NULL,NULL,NULL,1286,2),(1288,2,15.6482,74.0009,'Vazare Bus Stop',NULL,NULL,NULL,NULL,NULL,2),(1289,2,15.6348,73.9877,'Ambadgaon Bus Stop',NULL,NULL,NULL,NULL,1290,2),(1290,2,15.6348,73.9878,'Ambadgaon Bus Stop',NULL,NULL,NULL,NULL,1289,2),(1291,2,15.6043,74.0734,'Querim Bus Stop',NULL,NULL,NULL,NULL,1292,2),(1292,2,15.6043,74.0734,'Querim Bus Stop',NULL,NULL,NULL,NULL,1291,2),(1293,2,15.5576,73.9154,'Tikhane',NULL,NULL,NULL,NULL,515,2),(1294,2,15.6093,73.9317,'Valshi Bus Stop',NULL,NULL,NULL,NULL,1295,2),(1295,2,15.6092,73.9316,'Valshi Bus Stop',NULL,NULL,NULL,NULL,1294,2),(1296,2,15.5516,73.8912,'Madel Bus Stop',NULL,NULL,NULL,NULL,1297,2),(1297,2,15.5515,73.8911,'Madel Bus Stop',NULL,NULL,NULL,NULL,1296,2),(1298,2,15.5556,73.9104,'Devain Bus Stop',NULL,NULL,NULL,NULL,1299,2),(1299,2,15.5554,73.9106,'Devain Bus Stop',NULL,NULL,NULL,NULL,1298,2),(1300,2,15.5117,74.1755,'Carambolim Bus Stop',NULL,NULL,NULL,NULL,1301,2),(1301,2,15.5115,74.1757,'Carambolim Bus Stop',NULL,NULL,NULL,NULL,1300,2),(1302,2,15.5168,74.2017,'Cuntol Bus Stop',NULL,NULL,NULL,NULL,1303,2),(1303,2,15.5166,74.2016,'Cuntol Bus Stop',NULL,NULL,NULL,NULL,1302,2),(1304,2,15.5069,74.2184,'Caranzol Bus Stop',NULL,NULL,NULL,NULL,1305,2),(1305,2,15.5067,74.2183,'Caranzol Bus Stop',NULL,NULL,NULL,NULL,1304,2),(1306,2,15.5688,74.1626,'Carambolim Brahma Bus Stop',NULL,NULL,NULL,NULL,1307,2),(1307,2,15.5688,74.1627,'Carambolim Brahma Bus Stop',NULL,NULL,NULL,NULL,1306,2),(1308,2,15.5921,74.1618,'Shelpem Bus Stop',NULL,NULL,NULL,NULL,1309,2),(1309,2,15.592,74.162,'Shelpem Bus Stop',NULL,NULL,NULL,NULL,1308,2),(1310,2,15.6,74.1701,'Sigonem Bus Stop',NULL,NULL,NULL,NULL,1311,2),(1311,2,15.5999,74.1701,'Sigonem Bus Stop',NULL,NULL,NULL,NULL,1310,2),(1312,2,15.5643,74.145,'Hedode Bus Stop',NULL,NULL,NULL,NULL,1313,2),(1313,2,15.5643,74.1451,'Hedode Bus Stop',NULL,NULL,NULL,NULL,1312,2),(1314,2,15.6172,73.9759,'Maulinguem Bus Stop',NULL,NULL,NULL,NULL,1315,2),(1315,2,15.6171,73.9759,'Maulinguem Bus Stop',NULL,NULL,NULL,NULL,1314,2),(1316,2,15.4399,74.1403,'Kumbharwada',NULL,NULL,NULL,NULL,1317,2),(1317,2,15.4398,74.1402,'Kumbharwada',NULL,NULL,NULL,NULL,1316,2),(1318,2,15.6266,74.0246,'Ayee Bus Stop',NULL,NULL,NULL,NULL,1319,2),(1319,2,15.6266,74.0247,'Ayee Bus Stop',NULL,NULL,NULL,NULL,1318,2),(1320,2,15.5552,74.142,'Satorem Bus Stop',NULL,NULL,NULL,NULL,1321,2),(1321,2,15.5552,74.1425,'Satorem Bus Stop',NULL,NULL,NULL,NULL,1320,2),(1322,2,15.6223,74.161,'Rivem Bus Stop',NULL,NULL,NULL,NULL,1323,2),(1323,2,15.6223,74.1611,'Rivem Bus Stop',NULL,NULL,NULL,NULL,1322,2),(1324,2,15.4906,74.0892,'Pale Bus Stop',NULL,NULL,NULL,NULL,NULL,2),(1325,2,15.6578,74.1453,'Chorla Bus Stop',NULL,NULL,NULL,NULL,1326,2),(1326,2,15.6579,74.1456,'Chorla Bus Stop',NULL,NULL,NULL,NULL,1325,2),(1327,2,15.6702,74.1733,'Surla Bus Stop',NULL,NULL,NULL,NULL,NULL,2),(1328,2,15.7601,73.9251,'Kalane Bus Stop',NULL,NULL,NULL,NULL,1329,2),(1329,2,15.76,73.925,'Kalane Bus Stop',NULL,NULL,NULL,NULL,1328,2),(1330,2,15.7923,73.9182,'Morgaon Bus Stop',NULL,NULL,NULL,NULL,1331,2),(1331,2,15.7924,73.9183,'Morgaon Bus Stop',NULL,NULL,NULL,NULL,1330,2),(1332,2,15.6882,73.9558,'Kumyamal Bus Stop',NULL,NULL,NULL,NULL,NULL,2),(1333,2,15.6925,73.9283,'Sal Bus Stop',NULL,NULL,NULL,NULL,1334,2),(1334,2,15.6926,73.9286,'Sal Bus Stop',NULL,NULL,NULL,NULL,1333,2),(1335,2,15.7469,73.7961,'Satarda Bus Stop',NULL,NULL,NULL,NULL,1336,2),(1336,2,15.7469,73.7964,'Satarda Bus Stop',NULL,NULL,NULL,NULL,1335,2),(1337,2,15.768,73.8236,'Rekwadi Bus Stop',NULL,NULL,NULL,NULL,1338,2),(1338,2,15.7679,73.8237,'Rekwadi Bus Stop',NULL,NULL,NULL,NULL,1337,2),(1339,2,15.7846,73.8249,'Madura Bus Stop',NULL,NULL,NULL,NULL,1340,2),(1340,2,15.7847,73.825,'Madura Bus Stop',NULL,NULL,NULL,NULL,1339,2),(1341,2,15.803,73.8208,'Mandura Titha Bus Stop',NULL,NULL,NULL,NULL,1342,2),(1342,2,15.8029,73.8209,'Mandura Titha Bus Stop',NULL,NULL,NULL,NULL,1341,2),(1343,2,15.8194,73.8484,'Sherle Bus Stop',NULL,NULL,NULL,NULL,1344,2),(1344,2,15.8192,73.8484,'Sherle Bus Stop',NULL,NULL,NULL,NULL,1343,2),(1345,2,15.5863,74.0267,'Poriem',NULL,NULL,NULL,NULL,483,2),(1346,2,15.6984,74.22,'Kankumbi Bus stop',NULL,NULL,NULL,NULL,1347,2),(1347,2,15.6982,74.2198,'Kankumbi Bus stop',NULL,NULL,NULL,NULL,1346,2),(1348,2,15.691,74.2639,'Betne  Bus Stop',NULL,NULL,NULL,NULL,1349,2),(1349,2,15.6906,74.2637,'Betne  Bus Stop',NULL,NULL,NULL,NULL,1348,2),(1350,2,15.687,74.299,'Amate Bus Stop',NULL,NULL,NULL,NULL,1351,2),(1351,2,15.6865,74.2992,'Amate Bus Stop',NULL,NULL,NULL,NULL,1350,2),(1352,2,15.693,74.3658,'Jamboti Bus Stop',NULL,NULL,NULL,NULL,1353,2),(1353,2,15.6925,74.3662,'Jamboti Bus Stop',NULL,NULL,NULL,NULL,1352,2),(1354,2,15.7955,74.4763,'Piranwadi Bus stop',NULL,NULL,NULL,NULL,1355,2),(1355,2,15.7948,74.4766,'Piranwadi Bus stop',NULL,NULL,NULL,NULL,1354,2),(1356,2,16.3826,73.6884,'Nangaon Titha Bus Stop',NULL,NULL,NULL,NULL,1357,2),(1357,2,16.3828,73.689,'Nangaon Titha Bus Stop',NULL,NULL,NULL,NULL,1356,2),(1358,2,16.4474,73.6608,'Talere Bus Stop',NULL,NULL,NULL,NULL,1359,2),(1359,2,16.4472,73.6613,'Talere Bus Stop',NULL,NULL,NULL,NULL,1358,2),(1360,2,16.4971,73.7462,'Vaibhavwadi',NULL,NULL,NULL,NULL,437,2),(1361,2,16.6873,73.99,'Salwan Bus Stop',NULL,NULL,NULL,NULL,1362,2),(1362,2,16.6858,73.9908,'Salwan Bus Stop',NULL,NULL,NULL,NULL,1361,2),(1363,2,16.7109,74.0539,'Kale Bus Stop',NULL,NULL,NULL,NULL,1364,2),(1364,2,16.7108,74.0539,'Kale Bus Stop',NULL,NULL,NULL,NULL,1363,2),(1365,2,15.716,73.9544,'Hedus Bus Stop',NULL,NULL,NULL,NULL,1366,2),(1366,2,15.7161,73.9547,'Hedus Bus Stop',NULL,NULL,NULL,NULL,1365,2),(1367,2,15.8199,73.8948,'Degve Bus Stop',NULL,NULL,NULL,NULL,1368,2),(1368,2,15.8202,73.8949,'Degve Bus Stop',NULL,NULL,NULL,NULL,1367,2),(1369,2,15.6978,73.9965,'Ambeli Bus Stop',NULL,NULL,NULL,NULL,1370,2),(1370,2,15.6976,73.9965,'Ambeli Bus Stop',NULL,NULL,NULL,NULL,1369,2),(1371,2,15.7044,74.01,'Zare Bambarr Bus Stop',NULL,NULL,NULL,NULL,1372,2),(1372,2,15.7043,74.01,'Zare Bambarr Bus Stop',NULL,NULL,NULL,NULL,1371,2),(1373,2,15.7176,74.0225,'Kudase Bus Stop',NULL,NULL,NULL,NULL,1374,2),(1374,2,15.7168,74.0228,'Kudase Bus Stop',NULL,NULL,NULL,NULL,1373,2),(1375,2,15.7249,74.0306,'Bhedshi Bus Stop',NULL,NULL,NULL,NULL,1376,2),(1376,2,15.7244,74.0322,'Bhedshi Bus Stop',NULL,NULL,NULL,NULL,1375,2),(1377,2,15.7179,74.0252,'Usap Titha Bus Stop',NULL,NULL,NULL,NULL,1378,2),(1378,2,15.7173,74.0255,'Usap Titha Bus Stop',NULL,NULL,NULL,NULL,1377,2),(1379,2,15.7376,74.0363,'Awade Bus Stop',NULL,NULL,NULL,NULL,1380,2),(1380,2,15.7369,74.0369,'Awade Bus Stop',NULL,NULL,NULL,NULL,1379,2),(1381,2,15.7589,74.065,'Konalkati Bus Stop',NULL,NULL,NULL,NULL,1382,2),(1382,2,15.7586,74.0651,'Konalkati Bus Stop',NULL,NULL,NULL,NULL,1381,2),(1383,2,15.4717,73.8503,'St Cruz 2nd',NULL,NULL,NULL,NULL,1384,2),(1384,2,15.4718,73.8502,'St Cruz 2nd',NULL,NULL,NULL,NULL,1383,2),(1385,2,15.3965,73.87,'Sancoale Zareer',NULL,NULL,NULL,NULL,NULL,2),(1386,2,15.3967,73.87,'Sancoale Zareer',NULL,NULL,NULL,NULL,NULL,2),(1387,2,15.3967,73.8699,'Sancoale Zareer',NULL,NULL,NULL,NULL,NULL,2),(1388,2,15.3966,73.8699,'Sancoale Zareer',NULL,NULL,NULL,NULL,NULL,2),(1389,2,15.3966,73.87,'Sancoale Zareer',NULL,NULL,NULL,NULL,NULL,2),(1390,2,15.3969,73.8705,'Sancoale Zareer',NULL,NULL,NULL,NULL,1391,2),(1391,2,15.397,73.8706,'Sancoale Zareer',NULL,NULL,NULL,NULL,1390,2),(1392,2,15.3994,73.8845,'Sancoale 5Star',NULL,NULL,NULL,NULL,1393,2),(1393,2,15.3993,73.8846,'Sancoale 5Star',NULL,NULL,NULL,NULL,1392,2),(1394,2,15.442,73.976,'Mardol',NULL,NULL,NULL,NULL,222,2),(1395,2,15.4486,73.9717,'Mangeshi Temple',NULL,NULL,NULL,NULL,220,2);
/*!40000 ALTER TABLE `stop` ENABLE KEYS */;
UNLOCK TABLES;
/*!50003 SET @saved_cs_client      = @@character_set_client */ ;
/*!50003 SET @saved_cs_results     = @@character_set_results */ ;
/*!50003 SET @saved_col_connection = @@collation_connection */ ;
/*!50003 SET character_set_client  = utf8 */ ;
/*!50003 SET character_set_results = utf8 */ ;
/*!50003 SET collation_connection  = utf8_general_ci */ ;
/*!50003 SET @saved_sql_mode       = @@sql_mode */ ;
/*!50003 SET sql_mode              = 'NO_ENGINE_SUBSTITUTION' */ ;
DELIMITER ;;
/*!50003 CREATE*/ /*!50017 DEFINER=`root`@`%`*/ /*!50003 TRIGGER ins_stop AFTER INSERT ON stop
for each row 
begin
	declare p varchar(255);
	set p=concat('POINT(', CAST(NEW.latitude as CHAR),' ',CAST(NEW.longitude as CHAR),')') ; 
	
	insert into stop_loc(
	stop_id
	, location
	, loc_text
	) 
	values(
	NEW.stop_id
	, PointFromText(p)
	, p
	);
end */;;
DELIMITER ;
/*!50003 SET sql_mode              = @saved_sql_mode */ ;
/*!50003 SET character_set_client  = @saved_cs_client */ ;
/*!50003 SET character_set_results = @saved_cs_results */ ;
/*!50003 SET collation_connection  = @saved_col_connection */ ;

--
-- Temporary table structure for view `stop_detail`
--

DROP TABLE IF EXISTS `stop_detail`;
/*!50001 DROP VIEW IF EXISTS `stop_detail`*/;
SET @saved_cs_client     = @@character_set_client;
SET character_set_client = utf8;
/*!50001 CREATE TABLE `stop_detail` (
  `stop_id` tinyint NOT NULL,
  `latitude` tinyint NOT NULL,
  `longitude` tinyint NOT NULL,
  `name` tinyint NOT NULL,
  `location` tinyint NOT NULL
) ENGINE=MyISAM */;
SET character_set_client = @saved_cs_client;

--
-- Table structure for table `stop_loc`
--

DROP TABLE IF EXISTS `stop_loc`;
/*!40101 SET @saved_cs_client     = @@character_set_client */;
/*!40101 SET character_set_client = utf8 */;
CREATE TABLE `stop_loc` (
  `stop_id` int(11) DEFAULT NULL,
  `location` point NOT NULL,
  `loc_text` varchar(255) DEFAULT NULL,
  KEY `stop_id` (`stop_id`),
  SPATIAL KEY `location` (`location`)
) ENGINE=MyISAM DEFAULT CHARSET=latin1;
/*!40101 SET character_set_client = @saved_cs_client */;

--
-- Dumping data for table `stop_loc`
--

LOCK TABLES `stop_loc` WRITE;
/*!40000 ALTER TABLE `stop_loc` DISABLE KEYS */;
INSERT INTO `stop_loc` VALUES (1,'\0\0\0\0\0\0\0j+.@!rhuR@','POINT(15.4953 73.837)'),(2,'\0\0\0\0\0\0\0|a2U0\n/@/$uR@','POINT(15.5199 73.8285)'),(3,'\0\0\0\0\0\0\0_L\n/@uuR@','POINT(15.5206 73.8292)'),(4,'\0\0\0\0\0\0\0q/@rhtR@','POINT(15.5243 73.827)'),(5,'\0\0\0\0\0\0\0x$(~/@>tR@','POINT(15.5244 73.8278)'),(6,'\0\0\0\0\0\0\0q\r-/@@tR@','POINT(15.5316 73.8247)'),(7,'\0\0\0\0\0\0\0/@:ptR@','POINT(15.5309 73.8251)'),(8,'\0\0\0\0\0\0\0 rh/@)tR@','POINT(15.534 73.8239)'),(9,'\0\0\0\0\0\0\0X/@x#tR@','POINT(15.5346 73.8238)'),(10,'\0\0\0\0\0\0\0L\nF%/@;NtR@','POINT(15.5413 73.8214)'),(11,'\0\0\0\0\0\0\0|Y/@1*tR@','POINT(15.5417 73.8216)'),(12,'\0\0\0\0\0\0\0{G\Z/@HPtR@','POINT(15.5525 73.8174)'),(13,'\0\0\0\0\0\0\0<,\Z/@|a2UtR@','POINT(15.5524 73.8177)'),(14,'\0\0\0\0\0\0\0K7!/@V/sR@','POINT(15.5655 73.8083)'),(15,'\0\0\0\0\0\0\06<R!/@ZsR@','POINT(15.5656 73.8084)'),(16,'\0\0\0\0\0\0\0/n%/@V-sR@','POINT(15.5737 73.8065)'),(17,'\0\0\0\0\0\0\00L\nF%/@k	sR@','POINT(15.5728 73.8067)'),(18,'\0\0\0\0\0\0\0(/@AsR@','POINT(15.5792 73.8062)'),(19,'\0\0\0\0\0\0\0 r(/@PksR@','POINT(15.579 73.8063)'),(20,'\0\0\0\0\0\0\0=U-/@VsR@','POINT(15.5892 73.8101)'),(21,'\0\0\0\0\0\0\0sF4/@9m4tR@','POINT(15.6021 73.8157)'),(22,'\0\0\0\0\0\0\0<,4/@46tR@','POINT(15.6019 73.8158)'),(23,'\0\0\0\0\0\0\037/@~jtR@','POINT(15.6088 73.824)'),(24,'\0\0\0\0\0\0\0m47/@~jtR@','POINT(15.6084 73.824)'),(25,'\0\0\0\0\0\0\0?</@h\"lxzuR@','POINT(15.6187 73.8356)'),(26,'\0\0\0\0\0\0\0x#</@xuR@','POINT(15.6186 73.8355)'),(27,'\0\0\0\0\0\0\0x#</@RI&vR@','POINT(15.6186 73.8461)'),(28,'\0\0\0\0\0\0\0&1</@RI&vR@','POINT(15.6185 73.8461)'),(29,'\0\0\0\0\0\0\0m4@/@wR@','POINT(15.6264 73.8673)'),(30,'\0\0\0\0\0\0\08d@/@m4wR@','POINT(15.6263 73.8672)'),(31,'\0\0\0\0\0\0\0C@/@y&1xR@','POINT(15.6268 73.8755)'),(32,'\0\0\0\0\0\0\0p@/@y&1xR@','POINT(15.6267 73.8755)'),(33,'\0\0\0\0\0\0\0t$>/@M\rOxR@','POINT(15.6222 73.8857)'),(34,'\0\0\0\0\0\0\0%>/@UxR@','POINT(15.6221 73.8856)'),(35,'\0\0\0\0\0\0\0]K=/@R\'yR@','POINT(15.6192 73.9014)'),(36,'\0\0\0\0\0\0\0Z=/@nzR@','POINT(15.6202 73.9066)'),(37,'\0\0\0\0\0\0\0H}=/@tzR@','POINT(15.6201 73.9065)'),(38,'\0\0\0\0\0\0\0ec]</@mzR@','POINT(15.6179 73.921)'),(39,'\0\0\0\0\0\0\0ec]</@mzR@','POINT(15.6179 73.921)'),(40,'\0\0\0\0\0\0\0Y:/@{P{R@','POINT(15.6147 73.9268)'),(41,'\0\0\0\0\0\0\0B>:/@{P{R@','POINT(15.6146 73.9268)'),(42,'\0\0\0\0\0\0\0}b9/@$~{R@','POINT(15.6123 73.9296)'),(43,'\0\0\0\0\0\0\08EGr9/@sh|{R@','POINT(15.6122 73.9295)'),(44,'\0\0\0\0\0\0\00\'5/@{R@','POINT(15.6036 73.9356)'),(45,'\0\0\0\0\0\0\0E4/@{R@','POINT(15.6035 73.9356)'),(46,'\0\0\0\0\0\0\0r//@Gz|R@','POINT(15.5932 73.945)'),(47,'\0\0\0\0\0\0\0r//@c=y|R@','POINT(15.5932 73.9449)'),(48,'\0\0\0\0\0\0\0+./@jq|R@','POINT(15.5915 73.9462)'),(49,'\0\0\0\0\0\0\0?./@|R@','POINT(15.5913 73.9461)'),(50,'\0\0\0\0\0\0\0\\-/@@|R@','POINT(15.5886 73.9497)'),(51,'\0\0\0\0\0\0\0Ac]+/@(~k}R@','POINT(15.5847 73.9597)'),(52,'\0\0\0\0\0\0\0{P+/@(~k}R@','POINT(15.5846 73.9597)'),(53,'\0\0\0\0\0\0\0Oe(/@6<R~R@','POINT(15.5789 73.9738)'),(54,'\0\0\0\0\0\0\0=yX(/@_Q~R@','POINT(15.5788 73.9737)'),(55,'\0\0\0\0\0\0\0A`\"/@q\r-R@','POINT(15.568 74.0028)'),(56,'\0\0\0\0\0\0\0mV}\"/@q\r-R@','POINT(15.5678 74.0028)'),(57,'\0\0\0\0\0\0\0h\0o!/@jtR@','POINT(15.5653 74.009)'),(58,'\0\0\0\0\0\0\0ea!/@;NR@','POINT(15.5652 74.0089)'),(59,'\0\0\0\0\0\0\0sh|/@3R@','POINT(15.5615 74.0099)'),(60,'\0\0\0\0\0\0\0=\np/@/$R@','POINT(15.5575 74.016)'),(61,'\0\0\0\0\0\0\0!lV/@i\0oR@','POINT(15.5573 74.0159)'),(62,'\0\0\0\0\0\0\0w\Z//@gsR@','POINT(15.557 74.0227)'),(63,'\0\0\0\0\0\0\0[/@S!uR@','POINT(15.5568 74.0228)'),(64,'\0\0\0\0\0\0\0\\(/@R@','POINT(15.555 74.0269)'),(65,'\0\0\0\0\0\0\0Q/@}?5^R@','POINT(15.5549 74.027)'),(66,'\0\0\0\0\0\0\0@/@?R@','POINT(15.5484 74.0449)'),(67,'\0\0\0\0\0\0\0U/@fc]R@','POINT(15.5482 74.0447)'),(68,'\0\0\0\0\0\0\0&/@z6>WR@','POINT(15.5462 74.0522)'),(69,'\0\0\0\0\0\0\0/$/@):R@','POINT(15.542 74.0593)'),(70,'\0\0\0\0\0\0\0Af/@yX5R@','POINT(15.5418 74.0594)'),(71,'\0\0\0\0\0\0\0t/@d]FR@','POINT(15.543 74.0627)'),(72,'\0\0\0\0\0\0\0.!/@d]FR@','POINT(15.5429 74.0627)'),(73,'\0\0\0\0\0\0\0-C/@}8gR@','POINT(15.5447 74.0688)'),(74,'\0\0\0\0\0\0\0/@OeR@','POINT(15.5446 74.0687)'),(75,'\0\0\0\0\0\0\0hs/@k	R@','POINT(15.5424 74.0777)'),(76,'\0\0\0\0\0\0\0=yX/@eR@','POINT(15.5423 74.0776)'),(77,'\0\0\0\0\0\0\0q/@R@','POINT(15.5369 74.0913)'),(78,'\0\0\0\0\0\0\0Ps/@R@','POINT(15.5368 74.0913)'),(79,'\0\0\0\0\0\0\0\r/@NbX9R@','POINT(15.527 74.1285)'),(80,'\0\0\0\0\0\0\0Y8\r/@cZB>R@','POINT(15.5269 74.1288)'),(81,'\0\0\0\0\0\0\0Zd;/@TR@','POINT(15.531 74.137)'),(82,'\0\0\0\0\0\0\0/@TR@','POINT(15.5309 74.137)'),(83,'\0\0\0\0\0\0\0D/@R@','POINT(15.5329 74.1414)'),(84,'\0\0\0\0\0\0\0/@AfuR@','POINT(15.5158 73.8344)'),(85,'\0\0\0\0\0\0\0x&1/@vOjuR@','POINT(15.516 73.8346)'),(86,'\0\0\0\0\0\0\00/@QtR@','POINT(15.5938 73.8142)'),(87,'\0\0\0\0\0\0\0V//@QtR@','POINT(15.5936 73.8142)'),(88,'\0\0\0\0\0\0\0C6:/@TtR@','POINT(15.6137 73.8228)'),(89,'\0\0\0\0\0\0\0C6:/@8dtR@','POINT(15.6137 73.8229)'),(90,'\0\0\0\0\0\0\06<RA/@atR@','POINT(15.6281 73.8256)'),(91,'\0\0\0\0\0\0\0h\0oA/@atR@','POINT(15.6278 73.8256)'),(92,'\0\0\0\0\0\0\0\rOE/@w#uR@','POINT(15.6359 73.8303)'),(93,'\0\0\0\0\0\0\0h\"lxzE/@L\nF%uR@','POINT(15.6357 73.8304)'),(94,'\0\0\0\0\0\0\0LJJ/@\\muR@','POINT(15.6451 73.8348)'),(95,'\0\0\0\0\0\0\0LJJ/@h\0ouR@','POINT(15.6451 73.8349)'),(96,'\0\0\0\0\0\0\0ZT/@=UuR@','POINT(15.6658 73.8386)'),(97,'\0\0\0\0\0\0\0ZT/@1uR@','POINT(15.6658 73.8388)'),(98,'\0\0\0\0\0\0\0ec]/@L7A`uR@','POINT(15.6824 73.834)'),(99,'\0\0\0\0\0\0\0H}]/@L7A`uR@','POINT(15.6826 73.834)'),(100,'\0\0\0\0\0\0\0e/@8dtR@','POINT(15.6992 73.8229)'),(101,'\0\0\0\0\0\0\0/L\nf/@UtR@','POINT(15.6993 73.8231)'),(102,'\0\0\0\0\0\0\0-g/@MSttR@','POINT(15.703 73.8196)'),(103,'\0\0\0\0\0\0\0#g/@!utR@','POINT(15.7031 73.8197)'),(104,'\0\0\0\0\0\0\0#J{/l/@sR@','POINT(15.7113 73.812)'),(105,'\0\0\0\0\0\0\0?5^Il/@9EGrsR@','POINT(15.7115 73.8121)'),(106,'\0\0\0\0\0\0\0?n/@&sR@','POINT(15.7163 73.7992)'),(107,'\0\0\0\0\0\0\00*.@_vOvR@','POINT(15.4787 73.8486)'),(108,'\0\0\0\0\0\0\0L\nF%.@J{/LvR@','POINT(15.4788 73.8484)'),(109,'\0\0\0\0\0\0\0 o_.@?vR@','POINT(15.4649 73.8574)'),(110,'\0\0\0\0\0\0\0(.@qvR@','POINT(15.4647 73.8577)'),(111,'\0\0\0\0\0\0\0<R!.@l	gwR@','POINT(15.4651 73.8657)'),(112,'\0\0\0\0\0\0\0Gz.@ZdwR@','POINT(15.465 73.8655)'),(113,'\0\0\0\0\0\0\0_.@ywR@','POINT(15.4621 73.8668)'),(114,'\0\0\0\0\0\0\0=yX.@Ac]wR@','POINT(15.4538 73.8651)'),(115,'\0\0\0\0\0\0\0Oe.@,eXwR@','POINT(15.4539 73.8648)'),(116,'\0\0\0\0\0\0\0\'.@z6wR@','POINT(15.4506 73.8627)'),(117,'\0\0\0\0\0\0\0I&.@1wR@','POINT(15.4507 73.8624)'),(118,'\0\0\0\0\0\0\0kw.@e`TRwR@','POINT(15.4446 73.8644)'),(119,'\0\0\0\0\0\0\0c]F.@ZwR@','POINT(15.4439 73.8649)'),(120,'\0\0\0\0\0\0\0n4@.@6\Z[xR@','POINT(15.4419 73.8806)'),(121,'\0\0\0\0\0\0\03.@HPxR@','POINT(15.4418 73.8799)'),(122,'\0\0\0\0\0\0\0+e.@&1xR@','POINT(15.4416 73.8855)'),(123,'\0\0\0\0\0\0\05^I.@&1xR@','POINT(15.4415 73.8855)'),(124,'\0\0\0\0\0\0\0/$.@i\0oyR@','POINT(15.4395 73.8909)'),(125,'\0\0\0\0\0\0\0N@.@Tt$xR@','POINT(15.4396 73.8906)'),(126,'\0\0\0\0\0\0\0H}.@ rhyR@','POINT(15.4326 73.897)'),(127,'\0\0\0\0\0\0\0ec.@AfyR@','POINT(15.4324 73.8969)'),(128,'\0\0\0\0\0\0\0%u.@/$yR@','POINT(15.4278 73.8985)'),(129,'\0\0\0\0\0\0\0~.@H}yR@','POINT(15.4277 73.8983)'),(130,'\0\0\0\0\0\0\0J+.@6;NyR@','POINT(15.419 73.9034)'),(131,'\0\0\0\0\0\0\0J+.@o_yR@','POINT(15.419 73.9032)'),(132,'\0\0\0\0\0\0\0J4.@\0	zR@','POINT(15.4086 73.9068)'),(133,'\0\0\0\0\0\0\0J4.@ o_zR@','POINT(15.4086 73.9067)'),(134,'\0\0\0\0\0\0\0\\C.@zR@','POINT(15.4023 73.9077)'),(135,'\0\0\0\0\0\0\0H.@+ezR@','POINT(15.4029 73.9078)'),(136,'\0\0\0\0\0\0\0.@$(~yR@','POINT(15.402 73.8992)'),(137,'\0\0\0\0\0\0\0vq\r.@oyR@','POINT(15.4021 73.8994)'),(138,'\0\0\0\0\0\0\0!rh.@ZdwR@','POINT(15.4015 73.8655)'),(139,'\0\0\0\0\0\0\0.@(\\wR@','POINT(15.4018 73.865)'),(140,'\0\0\0\0\0\0\0@a.@tFwR@','POINT(15.3981 73.8598)'),(141,'\0\0\0\0\0\0\0.@&SwR@','POINT(15.3982 73.8597)'),(142,'\0\0\0\0\0\0\0.@MvR@','POINT(15.3982 73.8485)'),(143,'\0\0\0\0\0\0\0s.@J{/LvR@','POINT(15.3984 73.8484)'),(144,'\0\0\0\0\0\0\0z):.@_vOvR@','POINT(15.3976 73.8456)'),(145,'\0\0\0\0\0\0\0$(~.@vR@','POINT(15.3979 73.8457)'),(146,'\0\0\0\0\0\0\0V.@QIuR@','POINT(15.3991 73.8326)'),(147,'\0\0\0\0\0\0\0\\ Ac.@zGuR@','POINT(15.3992 73.8325)'),(148,'\0\0\0\0\0\0\0<.@EtR@','POINT(15.3989 73.828)'),(149,'\0\0\0\0\0\0\0<.@:uR@','POINT(15.3989 73.8282)'),(150,'\0\0\0\0\0\0\0.@^)tR@','POINT(15.4 73.8249)'),(151,'\0\0\0\0\0\0\0[B>.@^)tR@','POINT(15.4001 73.8249)'),(152,'\0\0\0\0\0\0\0w-!.@TR\'tR@','POINT(15.4003 73.8209)'),(153,'\0\0\0\0\0\0\0q.@*DtR@','POINT(15.3993 73.8167)'),(154,'\0\0\0\0\0\0\0\\ Ac.@UNtR@','POINT(15.3992 73.8173)'),(155,'\0\0\0\0\0\0\0[B>.@sh|sR@','POINT(15.4001 73.8045)'),(156,'\0\0\0\0\0\0\0[B>.@$~sR@','POINT(15.4001 73.8046)'),(157,'\0\0\0\0\0\0\0l.@\0rR@','POINT(15.4095 73.7948)'),(158,'\0\0\0\0\0\0\0l.@{GrR@','POINT(15.4095 73.795)'),(159,'\0\0\0\0\0\0\0l	g.@iqrR@','POINT(15.4129 73.7897)'),(160,'\0\0\0\0\0\0\0l	g.@_LrR@','POINT(15.4129 73.7898)'),(161,'\0\0\0\0\0\0\0	^).@k	sR@','POINT(15.3968 73.8067)'),(162,'\0\0\0\0\0\0\0%C.@=UsR@','POINT(15.397 73.8066)'),(163,'\0\0\0\0\0\0\0.@ClsR@','POINT(15.398 73.811)'),(164,'\0\0\0\0\0\0\0@a.@2%sR@','POINT(15.3981 73.8108)'),(165,'\0\0\0\0\0\0\0q.@uR@','POINT(15.3993 73.841)'),(166,'\0\0\0\0\0\0\0C.@*uR@','POINT(15.3995 73.8411)'),(167,'\0\0\0\0\0\0\0N@.@/$yR@','POINT(15.4396 73.891)'),(168,'\0\0\0\0\0\0\0Q.@lyR@','POINT(15.4225 73.901)'),(169,'\0\0\0\0\0\0\00*.@=yXyR@','POINT(15.4222 73.9009)'),(170,'\0\0\0\0\0\0\0Zd;O.@pxR@','POINT(15.401 73.8886)'),(171,'\0\0\0\0\0\0\0\\.@pxR@','POINT(15.4011 73.8886)'),(172,'\0\0\0\0\0\0\0lV}.@L\nF%yR@','POINT(15.4033 73.8929)'),(173,'\0\0\0\0\0\0\0iq.@w#yR@','POINT(15.4034 73.8928)'),(174,'\0\0\0\0\0\0\0\\C.@zR@','POINT(15.4023 73.9082)'),(175,'\0\0\0\0\0\0\0&S.@sA{R@','POINT(15.3809 73.9259)'),(176,'\0\0\0\0\0\0\0&S.@^K={R@','POINT(15.3809 73.9256)'),(177,'\0\0\0\0\0\0\0QI.@sA{R@','POINT(15.3762 73.9259)'),(178,'\0\0\0\0\0\0\08d.@z6>{R@','POINT(15.3763 73.9257)'),(179,'\0\0\0\0\0\0\0x$(.@{P{R@','POINT(15.3714 73.9268)'),(180,'\0\0\0\0\0\0\0Y\0.@OjM{R@','POINT(15.3711 73.9266)'),(181,'\0\0\0\0\0\0\0.@48E{R@','POINT(15.3643 73.9261)'),(182,'\0\0\0\0\0\0\0.@sA{R@','POINT(15.3643 73.9259)'),(183,'\0\0\0\0\0\0\01.@,eX{R@','POINT(15.3578 73.9273)'),(184,'\0\0\0\0\0\0\0fa.@(\\{R@','POINT(15.3567 73.9275)'),(185,'\0\0\0\0\0\0\0Af.@jM{R@','POINT(15.3543 73.9306)'),(186,'\0\0\0\0\0\0\0L\nF%.@{R@','POINT(15.3538 73.9307)'),(187,'\0\0\0\0\0\0\0N@.@St${R@','POINT(15.3501 73.9311)'),(188,'\0\0\0\0\0\0\0\\m.@St${R@','POINT(15.3496 73.9311)'),(189,'\0\0\0\0\0\0\0c]K.@V/{R@','POINT(15.3287 73.9333)'),(190,'\0\0\0\0\0\0\0Gx$.@V/{R@','POINT(15.3284 73.9333)'),(191,'\0\0\0\0\0\0\0	.@8m|R@','POINT(15.3116 73.9442)'),(192,'\0\0\0\0\0\0\0	.@8m|R@','POINT(15.3116 73.9442)'),(193,'\0\0\0\0\0\0\0V-.@_|R@','POINT(15.308 73.9468)'),(194,'\0\0\0\0\0\0\0v.@_|R@','POINT(15.3079 73.9468)'),(195,'\0\0\0\0\0\0\08m.@p_}R@','POINT(15.2899 73.9547)'),(196,'\0\0\0\0\0\0\02w-!.@+}R@','POINT(15.2893 73.9545)'),(197,'\0\0\0\0\0\0\0H./@V/wR@','POINT(15.5039 73.8623)'),(198,'\0\0\0\0\0\0\0/@z6wR@','POINT(15.5036 73.8627)'),(199,'\0\0\0\0\0\0\047/@M\rOwR@','POINT(15.5058 73.8642)'),(200,'\0\0\0\0\0\0\0K7A\0/@\\(xR@','POINT(15.5005 73.8775)'),(201,'\0\0\0\0\0\0\0`TR\'\0/@0*xR@','POINT(15.5003 73.8776)'),(202,'\0\0\0\0\0\0\0K7A\0/@R\'yR@','POINT(15.5005 73.9014)'),(203,'\0\0\0\0\0\0\0`TR\'\0/@XyR@','POINT(15.5003 73.9018)'),(204,'\0\0\0\0\0\0\0QI\0/@_LzR@','POINT(15.5012 73.9148)'),(205,'\0\0\0\0\0\0\0n\0/@zR@','POINT(15.501 73.9149)'),(206,'\0\0\0\0\0\0\0|?5.@V-{R@','POINT(15.4965 73.9315)'),(207,'\0\0\0\0\0\0\0u.@V-{R@','POINT(15.4963 73.9315)'),(208,'\0\0\0\0\0\0\0#~j.@QI|R@','POINT(15.493 73.9471)'),(209,'\0\0\0\0\0\0\0ec].@QI|R@','POINT(15.4929 73.9471)'),(210,'\0\0\0\0\0\0\0&1.@9m4|R@','POINT(15.4935 73.9407)'),(211,'\0\0\0\0\0\0\0;N.@9m4|R@','POINT(15.4933 73.9407)'),(212,'\0\0\0\0\0\0\0~.@0L\nF}R@','POINT(15.4902 73.9574)'),(213,'\0\0\0\0\0\0\0{G.@0L\nF}R@','POINT(15.49 73.9574)'),(214,'\0\0\0\0\0\0\0<,.@QI}R@','POINT(15.4899 73.9576)'),(215,'\0\0\0\0\0\0\0Z.@1}R@','POINT(15.4753 73.9638)'),(216,'\0\0\0\0\0\0\0Z.@B}R@','POINT(15.4753 73.9637)'),(217,'\0\0\0\0\0\0\0Q.@}R@','POINT(15.4557 73.9644)'),(218,'\0\0\0\0\0\0\0Dl.@}R@','POINT(15.457 73.9644)'),(219,'\0\0\0\0\0\0\0jq.@+e~R@','POINT(15.4464 73.9703)'),(220,'\0\0\0\0\0\0\0h\0o.@+e~R@','POINT(15.4463 73.9703)'),(221,'\0\0\0\0\0\0\0H..@cZ~R@','POINT(15.4414 73.9743)'),(222,'\0\0\0\0\0\0\0H..@JY~R@','POINT(15.4414 73.9742)'),(223,'\0\0\0\0\0\0\0E.@%CR@','POINT(15.4135 73.9885)'),(224,'\0\0\0\0\0\0\0jM.@N@R@','POINT(15.4132 73.9883)'),(225,'\0\0\0\0\0\0\0U0*.@yX5R@','POINT(15.4064 73.9969)'),(226,'\0\0\0\0\0\0\0(.@xz,CR@','POINT(15.4007 74.0041)'),(227,'\0\0\0\0\0\0\0z6>7/@N\\sR@','POINT(15.6079 73.8124)'),(228,'\0\0\0\0\0\0\0z6>7/@.ntR@','POINT(15.6079 73.8126)'),(229,'\0\0\0\0\0\0\0~:/@jttR@','POINT(15.6152 73.814)'),(230,'\0\0\0\0\0\0\0	c:/@QtR@','POINT(15.6151 73.8142)'),(231,'\0\0\0\0\0\0\01w-!?/@#sR@','POINT(15.6233 73.8123)'),(232,'\0\0\0\0\0\0\01w-!?/@\0\0\0\0\0tR@','POINT(15.6233 73.8125)'),(233,'\0\0\0\0\0\0\0R\'A/@@tR@','POINT(15.6283 73.8134)'),(234,'\0\0\0\0\0\0\0.nA/@U0*tR@','POINT(15.6282 73.8137)'),(235,'\0\0\0\0\0\0\0H/@?tR@','POINT(15.6417 73.8164)'),(236,'\0\0\0\0\0\0\0*:H/@*DtR@','POINT(15.6416 73.8167)'),(237,'\0\0\0\0\0\0\0DioI/@sFtR@','POINT(15.6436 73.8168)'),(238,'\0\0\0\0\0\0\0(~kI/@?5^ItR@','POINT(15.6434 73.817)'),(239,'\0\0\0\0\0\0\0qK/@sFtR@','POINT(15.6478 73.8168)'),(240,'\0\0\0\0\0\0\0qK/@c]KtR@','POINT(15.6478 73.8171)'),(241,'\0\0\0\0\0\0\0^K=;/@H}tR@','POINT(15.6157 73.8143)'),(242,'\0\0\0\0\0\0\0H/@sR@','POINT(15.6419 73.8109)'),(243,'\0\0\0\0\0\0\0bX9H/@GrsR@','POINT(15.642 73.8111)'),(244,'\0\0\0\0\0\0\0sh|.@(uR@','POINT(15.499 73.8383)'),(245,'\0\0\0\0\0\0\0V}b.@=UuR@','POINT(15.4988 73.8386)'),(246,'\0\0\0\0\0\0\0N@/@wR@','POINT(15.5021 73.8722)'),(247,'\0\0\0\0\0\0\0zG/@.n}R@','POINT(15.5025 73.9631)'),(248,'\0\0\0\0\0\0\0ea/@=yX}R@','POINT(15.5027 73.9634)'),(249,'\0\0\0\0\0\0\0x&1/@H}}R@','POINT(15.516 73.9608)'),(250,'\0\0\0\0\0\0\0/@}R@','POINT(15.5158 73.9614)'),(251,'\0\0\0\0\0\0\0N@/@y):zR@','POINT(15.5021 73.9098)'),(252,'\0\0\0\0\0\0\0/$/@y):zR@','POINT(15.502 73.9098)'),(253,'\0\0\0\0\0\0\0	h\"/@Y8}R@','POINT(15.5237 73.9652)'),(254,'\0\0\0\0\0\0\0#J{//@ Ac}R@','POINT(15.5238 73.9656)'),(255,'\0\0\0\0\0\0\0;M\r/@d`T~R@','POINT(15.5294 73.9739)'),(256,'\0\0\0\0\0\0\01/@\'W~R@','POINT(15.5291 73.9741)'),(257,'\0\0\0\0\0\0\0jM/@,C~R@','POINT(15.5292 73.9831)'),(258,'\0\0\0\0\0\0\0jM/@~R@','POINT(15.5292 73.9834)'),(259,'\0\0\0\0\0\0\08gDi/@R@','POINT(15.5301 74.0086)'),(260,'\0\0\0\0\0\0\0(\\/@jqR@','POINT(15.53 74.0087)'),(261,'\0\0\0\0\0\0\0J+/@0*R@','POINT(15.544 74.0127)'),(262,'\0\0\0\0\0\0\0J+/@DR@','POINT(15.544 74.0132)'),(263,'\0\0\0\0\0\0\0=\np/@.1R@','POINT(15.5575 74.1593)'),(264,'\0\0\0\0\0\0\0ec/@3R@','POINT(15.5574 74.1594)'),(265,'\0\0\0\0\0\0\02%#/@=UsR@','POINT(15.5701 73.8066)'),(266,'\0\0\0\0\0\0\0[ A#/@?sR@','POINT(15.5702 73.8069)'),(267,'\0\0\0\0\0\0\0Grw/@oR@','POINT(15.7342 73.7451)'),(268,'\0\0\0\0\0\0\0Grw/@>W[oR@','POINT(15.7342 73.7452)'),(269,'\0\0\0\0\0\0\0.!u/@npR@','POINT(15.7304 73.758)'),(270,'\0\0\0\0\0\0\0.!u/@?pR@','POINT(15.7304 73.7581)'),(271,'\0\0\0\0\0\0\02w-!t/@qR@','POINT(15.7268 73.7779)'),(272,'\0\0\0\0\0\0\0t/@oqR@','POINT(15.7267 73.778)'),(273,'\0\0\0\0\0\0\0fjk/@6\ZpR@','POINT(15.7098 73.7516)'),(274,'\0\0\0\0\0\0\0Qk/@6\ZpR@','POINT(15.71 73.7516)'),(275,'\0\0\0\0\0\0\0!uq;/@QkwrR@','POINT(15.6161 73.7908)'),(276,'\0\0\0\0\0\0\0q;/@\r0rR@','POINT(15.6163 73.7906)'),(277,'\0\0\0\0\0\0\0\nh\"lx:/@zGqR@','POINT(15.6142 73.77)'),(278,'\0\0\0\0\0\0\0:/@zGqR@','POINT(15.6143 73.77)'),(279,'\0\0\0\0\0\0\0<N\\>/@1w-qR@','POINT(15.6218 73.7684)'),(280,'\0\0\0\0\0\0\0Bi>/@)\r0qR@','POINT(15.6219 73.7686)'),(281,'\0\0\0\0\0\0\0T@/@]KqR@','POINT(15.6265 73.7661)'),(282,'\0\0\0\0\0\0\0p@/@0\'qR@','POINT(15.6267 73.7663)'),(283,'\0\0\0\0\0\0\0Gx$H/@jtpR@','POINT(15.6409 73.759)'),(284,'\0\0\0\0\0\0\0x&1H/@jtpR@','POINT(15.641 73.759)'),(285,'\0\0\0\0\0\0\0*I/@pR@','POINT(15.6442 73.7609)'),(286,'\0\0\0\0\0\0\0*I/@bX9pR@','POINT(15.6442 73.761)'),(287,'\0\0\0\0\0\0\0U0*P/@)\\pR@','POINT(15.6564 73.765)'),(288,'\0\0\0\0\0\0\0 P/@HPpR@','POINT(15.6565 73.7654)'),(289,'\0\0\0\0\0\0\0W/@}YqR@','POINT(15.6716 73.7806)'),(290,'\0\0\0\0\0\0\0d;OW/@DlqR@','POINT(15.671 73.781)'),(291,'\0\0\0\0\0\0\0AfU/@sFnR@','POINT(15.6668 73.7338)'),(292,'\0\0\0\0\0\0\0|YU/@I.!nR@','POINT(15.6667 73.7342)'),(293,'\0\0\0\0\0\0\0K4V/@lmR@','POINT(15.6681 73.7135)'),(294,'\0\0\0\0\0\0\0K4V/@=UmR@','POINT(15.6681 73.7136)'),(295,'\0\0\0\0\0\0\06>W[Q/@\'mR@','POINT(15.6589 73.7169)'),(296,'\0\0\0\0\0\0\05;NQ/@emR@','POINT(15.6588 73.7171)'),(297,'\0\0\0\0\0\0\0W2Q/@OeoR@','POINT(15.6597 73.7427)'),(298,'\0\0\0\0\0\0\0BiQ/@qoR@','POINT(15.6599 73.7429)'),(299,'\0\0\0\0\0\0\09#J{C/@CpR@','POINT(15.6318 73.7644)'),(300,'\0\0\0\0\0\0\0PsR/@\"nR@','POINT(15.6618 73.734)'),(301,'\0\0\0\0\0\0\0qR/@~nR@','POINT(15.6619 73.7341)'),(302,'\0\0\0\0\0\0\0L\nF%U/@C6nR@','POINT(15.6663 73.7221)'),(303,'\0\0\0\0\0\0\0\r-`/@\rOmR@','POINT(15.6886 73.7122)'),(304,'\0\0\0\0\0\0\0!u`/@mR@','POINT(15.6884 73.7125)'),(305,'\0\0\0\0\0\0\03W/@DmR@','POINT(15.6713 73.7149)'),(306,'\0\0\0\0\0\0\0PkW/@mR@','POINT(15.6711 73.7144)'),(307,'\0\0\0\0\0\0\0_Lj/@nR@','POINT(15.7081 73.7207)'),(308,'\0\0\0\0\0\0\0`vOj/@V-nR@','POINT(15.7072 73.7215)'),(309,'\0\0\0\0\0\0\0Q|ar/@EmR@','POINT(15.7234 73.718)'),(310,'\0\0\0\0\0\0\0Onr/@EmR@','POINT(15.7235 73.718)'),(311,'\0\0\0\0\0\0\0\0oo/@UNlR@','POINT(15.7183 73.6923)'),(312,'\0\0\0\0\0\0\0o/@:MlR@','POINT(15.7181 73.6922)'),(313,'\0\0\0\0\0\0\06>W[Q/@0*tR@','POINT(15.6589 73.8252)'),(314,'\0\0\0\0\0\0\0 rhQ/@0*tR@','POINT(15.659 73.8252)'),(315,'\0\0\0\0\0\0\07A`P/@MSttR@','POINT(15.658 73.8196)'),(316,'\0\0\0\0\0\0\07A`P/@MSttR@','POINT(15.658 73.8196)'),(317,'\0\0\0\0\0\0\0:pR/@UNtR@','POINT(15.6612 73.8173)'),(318,'\0\0\0\0\0\0\0&SR/@HPtR@','POINT(15.6614 73.8174)'),(319,'\0\0\0\0\0\0\0R/@QtR@','POINT(15.6604 73.8175)'),(320,'\0\0\0\0\0\0\0m{R/@UNtR@','POINT(15.6611 73.8173)'),(321,'\0\0\0\0\0\0\0I&F/@v\Z{R@','POINT(15.6382 73.9235)'),(322,'\0\0\0\0\0\0\0\'F/@v\Z{R@','POINT(15.6381 73.9235)'),(323,'\0\0\0\0\0\0\046\\/@Dl}R@','POINT(15.6801 73.9685)'),(324,'\0\0\0\0\0\0\046\\/@H.}R@','POINT(15.6801 73.9687)'),(325,'\0\0\0\0\0\0\0)\r0Y/@u}R@','POINT(15.6742 73.9627)'),(326,'\0\0\0\0\0\0\0~k	Y/@.n}R@','POINT(15.6739 73.9631)'),(327,'\0\0\0\0\0\0\0BiQ/@[B>|R@','POINT(15.6599 73.9508)'),(328,'\0\0\0\0\0\0\0oQ/@MJ|R@','POINT(15.6593 73.9518)'),(329,'\0\0\0\0\0\0\0y):/@tR@','POINT(15.9106 73.8217)'),(330,'\0\0\0\0\0\0\0Qkw/@BuR@','POINT(15.8801 73.8322)'),(331,'\0\0\0\0\0\0\0A`/@oTuR@','POINT(15.8805 73.8333)'),(332,'\0\0\0\0\0\0\0+	/@uVvR@','POINT(15.8282 73.849)'),(333,'\0\0\0\0\0\0\0+	/@<N\\vR@','POINT(15.8282 73.8494)'),(334,'\0\0\0\0\0\0\0z/@1%tR@','POINT(15.8564 73.8148)'),(335,'\0\0\0\0\0\0\0lV}/@x&1tR@','POINT(15.8568 73.8155)'),(336,'\0\0\0\0\0\0\0s/@sh|wR@','POINT(15.8163 73.867)'),(337,'\0\0\0\0\0\0\0o/@PkwR@','POINT(15.816 73.8688)'),(338,'\0\0\0\0\0\0\0\rO/@x$(~xR@','POINT(15.8234 73.8827)'),(339,'\0\0\0\0\0\0\0/@x$(~xR@','POINT(15.8235 73.8827)'),(340,'\0\0\0\0\0\0\0J+/@z6zR@','POINT(15.794 73.9167)'),(341,'\0\0\0\0\0\0\0fa/@\'zR@','POINT(15.7942 73.9173)'),(342,'\0\0\0\0\0\0\0 rh/@fc]zR@','POINT(15.784 73.9197)'),(343,'\0\0\0\0\0\0\0S!u/@1zR@','POINT(15.7841 73.9203)'),(344,'\0\0\0\0\0\0\0f/@a+e}R@','POINT(15.7003 73.9593)'),(345,'\0\0\0\0\0\0\0<,f/@Af}R@','POINT(15.7004 73.9594)'),(346,'\0\0\0\0\0\0\0i\0oe/@V-vR@','POINT(15.6973 73.8465)'),(347,'\0\0\0\0\0\0\0Qe/@2.vR@','POINT(15.6975 73.8466)'),(348,'\0\0\0\0\0\0\0yi/@&SvR@','POINT(15.7066 73.8527)'),(349,'\0\0\0\0\0\0\0}?5^i/@vR@','POINT(15.7065 73.8529)'),(350,'\0\0\0\0\0\0\0@ak/@^K=wR@','POINT(15.7106 73.8631)'),(351,'\0\0\0\0\0\0\0{Pk/@{PwR@','POINT(15.7096 73.8643)'),(352,'\0\0\0\0\0\0\0l/@swR@','POINT(15.7123 73.8747)'),(353,'\0\0\0\0\0\0\0y&1l/@N\\wR@','POINT(15.711 73.8749)'),(354,'\0\0\0\0\0\0\0!rhm/@c]KxR@','POINT(15.714 73.8796)'),(355,'\0\0\0\0\0\0\0vOjm/@?5^IxR@','POINT(15.7137 73.8795)'),(356,'\0\0\0\0\0\0\0W2q/@S:yR@','POINT(15.7222 73.8942)'),(357,'\0\0\0\0\0\0\0{p/@Zd;OyR@','POINT(15.7206 73.8955)'),(358,'\0\0\0\0\0\0\0_Qz/@ AcyR@','POINT(15.7389 73.9031)'),(359,'\0\0\0\0\0\0\0Fx/@EyR@','POINT(15.736 73.9055)'),(360,'\0\0\0\0\0\0\0-Cv/@d]F|R@','POINT(15.7322 73.9377)'),(361,'\0\0\0\0\0\0\0zv/@9EGr{R@','POINT(15.7314 73.9371)'),(362,'\0\0\0\0\0\0\0\"~j/@]C{R@','POINT(15.708 73.9364)'),(363,'\0\0\0\0\0\0\07dj/@[ A{R@','POINT(15.7078 73.9366)'),(364,'\0\0\0\0\0\0\0#~j.@\r-|R@','POINT(15.493 73.9473)'),(365,'\0\0\0\0\0\0\0ec].@\r-|R@','POINT(15.4929 73.9473)'),(366,'\0\0\0\0\0\0\0:pR/@UNtR@','POINT(15.6612 73.8173)'),(367,'\0\0\0\0\0\0\0R/@UNtR@','POINT(15.6613 73.8173)'),(368,'\0\0\0\0\0\0\0HPX/@\\ ActR@','POINT(15.6738 73.8186)'),(369,'\0\0\0\0\0\0\0HPX/@OetR@','POINT(15.6738 73.8187)'),(370,'\0\0\0\0\0\0\0):_/@GztR@','POINT(15.6871 73.82)'),(371,'\0\0\0\0\0\0\0):_/@GztR@','POINT(15.6871 73.82)'),(372,'\0\0\0\0\0\0\0\r-`/@?rR@','POINT(15.6886 73.7929)'),(373,'\0\0\0\0\0\0\0QI`/@nrR@','POINT(15.6887 73.793)'),(374,'\0\0\0\0\0\0\0x&1H/@C6nR@','POINT(15.641 73.7221)'),(375,'\0\0\0\0\0\0\0H/@|?5nR@','POINT(15.6408 73.722)'),(376,'\0\0\0\0\0\0\0i\0o%/@B>rR@','POINT(15.5723 73.7918)'),(377,'\0\0\0\0\0\0\0u%/@-rR@','POINT(15.5724 73.7915)'),(378,'\0\0\0\0\0\0\06\Z[ /@DpR@','POINT(15.5632 73.7647)'),(379,'\0\0\0\0\0\0\0UN /@DpR@','POINT(15.5631 73.7647)'),(380,'\0\0\0\0\0\0\0V/@F%urR@','POINT(15.5622 73.7814)'),(381,'\0\0\0\0\0\0\0/@H.qR@','POINT(15.5623 73.7812)'),(382,'\0\0\0\0\0\0\0=U.@a+eqR@','POINT(15.4987 73.7718)'),(383,'\0\0\0\0\0\0\0Zd;.@vOjqR@','POINT(15.4985 73.7721)'),(384,'\0\0\0\0\0\0\0{/L\n/@\"uqqR@','POINT(15.5208 73.7673)'),(385,'\0\0\0\0\0\0\0\r0\n/@p_qR@','POINT(15.5207 73.7672)'),(386,'\0\0\0\0\0\0\0n\n/@\"uqqR@','POINT(15.521 73.7673)'),(387,'\0\0\0\0\0\0\0K/@rhpR@','POINT(15.5455 73.7645)'),(388,'\0\0\0\0\0\0\0e/@rhpR@','POINT(15.5457 73.7645)'),(389,'\0\0\0\0\0\0\0):/@$oR@','POINT(15.5621 73.7493)'),(390,'\0\0\0\0\0\0\0V/@j+oR@','POINT(15.5622 73.7494)'),(391,'\0\0\0\0\0\0\09EGr//@fjsR@','POINT(15.5937 73.8034)'),(392,'\0\0\0\0\0\0\00/@ClsR@','POINT(15.5938 73.8035)'),(393,'\0\0\0\0\0\0\0(\r0/@&SsR@','POINT(15.5952 73.7972)'),(394,'\0\0\0\0\0\0\0^)0/@tFsR@','POINT(15.5953 73.7973)'),(395,'\0\0\0\0\0\0\0\\m2/@a+qR@','POINT(15.5996 73.7683)'),(396,'\0\0\0\0\0\0\03/@a2U0*qR@','POINT(15.5997 73.7682)'),(397,'\0\0\0\0\0\0\02U0*3/@(\rpR@','POINT(15.6009 73.7616)'),(398,'\0\0\0\0\0\0\0O@a3/@(\rpR@','POINT(15.6011 73.7616)'),(399,'\0\0\0\0\0\0\0|a25/@UNpR@','POINT(15.6039 73.7548)'),(400,'\0\0\0\0\0\0\0/@#|R@','POINT(15.5158 73.9458)'),(401,'\0\0\0\0\0\0\0/@#|R@','POINT(15.5158 73.9458)'),(402,'\0\0\0\0\0\0\0I+/@*:|R@','POINT(15.514 73.9453)'),(403,'\0\0\0\0\0\0\0I+/@x$(~|R@','POINT(15.514 73.9452)'),(404,'\0\0\0\0\0\0\0sF/@1*|R@','POINT(15.5136 73.9466)'),(405,'\0\0\0\0\0\0\0_vO.@R@','POINT(15.4342 73.9851)'),(406,'\0\0\0\0\0\0\0 cZB.@R@','POINT(15.4341 73.9851)'),(407,'\0\0\0\0\0\0\0.@jtR@','POINT(15.3937 74.0015)'),(408,'\0\0\0\0\0\0\0aTR\'.@R@','POINT(15.3938 74.0014)'),(409,'\0\0\0\0\0\0\0K=.@#J{/R@','POINT(15.3547 74.0029)'),(410,'\0\0\0\0\0\0\0R!.@q\r-R@','POINT(15.3546 74.0028)'),(411,'\0\0\0\0\0\0\00*.@MbR@','POINT(15.3597 74.001)'),(412,'\0\0\0\0\0\0\0H}.@uq\rR@','POINT(15.3596 74.0008)'),(413,'\0\0\0\0\0\0\0B>.@sR@','POINT(15.3646 73.9997)'),(414,'\0\0\0\0\0\0\0v.@9EGrR@','POINT(15.3645 73.9996)'),(415,'\0\0\0\0\0\0\0\\(.@R\'}R@','POINT(15.3675 73.9639)'),(416,'\0\0\0\0\0\0\0\\(.@1}R@','POINT(15.3675 73.9638)'),(417,'\0\0\0\0\0\0\0l	g.@-~R@','POINT(15.3504 73.979)'),(418,'\0\0\0\0\0\0\0OjM.@T~R@','POINT(15.3502 73.9788)'),(419,'\0\0\0\0\0\0\0.@37|R@','POINT(15.3863 73.9409)'),(420,'\0\0\0\0\0\0\0/n.@37|R@','POINT(15.3862 73.9409)'),(421,'\0\0\0\0\0\0\0=U.@X2zR@','POINT(15.3977 73.9171)'),(422,'\0\0\0\0\0\0\0q.@lV}zR@','POINT(15.3978 73.9169)'),(423,'\0\0\0\0\0\0\0y.@<,zR@','POINT(15.3896 73.9192)'),(424,'\0\0\0\0\0\0\0Cl.@;pzR@','POINT(15.3895 73.9191)'),(425,'\0\0\0\0\0\0\0B`\".@\rq|R@','POINT(15.3655 73.9509)'),(426,'\0\0\0\0\0\0\0~.@[B>|R@','POINT(15.3652 73.9508)'),(427,'\0\0\0\0\0\0\0Ux/@HPssR@','POINT(15.7357 73.8039)'),(428,'\0\0\0\0\0\0\0\r-x/@~jtsR@','POINT(15.7356 73.804)'),(429,'\0\0\0\0\0\0\0z/@N@wR@','POINT(15.7939 73.8633)'),(430,'\0\0\0\0\0\0\0&S0@@kR@','POINT(16.0118 73.6857)'),(431,'\0\0\0\0\0\0\0=\np0@EJmR@','POINT(16.115 73.7077)'),(432,'\0\0\0\0\0\0\01w0@Zd;OmR@','POINT(16.1151 73.708)'),(433,'\0\0\0\0\0\0\0Pk\'0@+kR@','POINT(16.1547 73.6845)'),(434,'\0\0\0\0\0\0\0k	\'0@kR@','POINT(16.1548 73.6847)'),(435,'\0\0\0\0\0\0\09C0@|YmR@','POINT(16.2626 73.7086)'),(436,'\0\0\0\0\0\0\0~jtC0@5;NmR@','POINT(16.2635 73.7079)'),(437,'\0\0\0\0\0\0\0v\Z0@6\ZoR@','POINT(16.4965 73.7461)'),(438,'\0\0\0\0\0\0\0	h\"0@|YuR@','POINT(16.5474 73.8336)'),(439,'\0\0\0\0\0\0\00@sAR@','POINT(16.7023 74.2384)'),(440,'\0\0\0\0\0\0\0460@1%R@','POINT(16.8602 74.5648)'),(441,'\0\0\0\0\0\0\0.@BuR@','POINT(15.3863 73.8387)'),(442,'\0\0\0\0\0\0\0/n.@luR@','POINT(15.3862 73.8385)'),(443,'\0\0\0\0\0\0\0[B>,/@	h\"l|R@','POINT(15.5876 73.9441)'),(444,'\0\0\0\0\0\0\0V/\'/@2w-!|R@','POINT(15.5776 73.9394)'),(445,'\0\0\0\0\0\0\0Cl\'/@U0*|R@','POINT(15.577 73.9387)'),(446,'\0\0\0\0\0\0\0Gx$(/@{GzR@','POINT(15.5784 73.92)'),(447,'\0\0\0\0\0\0\0cZB>(/@{GzR@','POINT(15.5786 73.92)'),(448,'\0\0\0\0\0\0\0sF/@oR@','POINT(15.5441 74.153)'),(449,'\0\0\0\0\0\0\0fa/@ AcR@','POINT(15.5442 74.1531)'),(450,'\0\0\0\0\0\0\0jq$/@R@','POINT(15.5714 74.1859)'),(451,'\0\0\0\0\0\0\0h\0o$/@ClR@','POINT(15.5713 74.186)'),(452,'\0\0\0\0\0\0\0\'/@nR@','POINT(15.5762 74.1955)'),(453,'\0\0\0\0\0\0\0,\'/@\r-R@','POINT(15.5764 74.1963)'),(454,'\0\0\0\0\0\0\0c]K(/@HPR@','POINT(15.5787 74.2029)'),(455,'\0\0\0\0\0\0\0Gx$(/@Tt$R@','POINT(15.5784 74.2031)'),(456,'\0\0\0\0\0\0\0\r/@?R@','POINT(15.5268 74.1054)'),(457,'\0\0\0\0\0\0\0%\r/@46<R@','POINT(15.5266 74.1053)'),(458,'\0\0\0\0\0\0\0u%/@sFR@','POINT(15.5724 74.1028)'),(459,'\0\0\0\0\0\0\0\\m%/@z6R@','POINT(15.5731 74.1042)'),(460,'\0\0\0\0\0\0\0z6>/@yR@','POINT(15.5454 74.1168)'),(461,'\0\0\0\0\0\0\0?/@PkR@','POINT(15.5427 74.1188)'),(462,'\0\0\0\0\0\0\0_L\n/@`\"R@','POINT(15.5206 74.154)'),(463,'\0\0\0\0\0\0\0KY8/@DR@','POINT(15.5114 74.1397)'),(464,'\0\0\0\0\0\0\0h\0o/@UR@','POINT(15.5028 74.1356)'),(465,'\0\0\0\0\0\0\0xz,C/@fffffR@','POINT(15.5552 74.1625)'),(466,'\0\0\0\0\0\0\0B>\Z/@V}bR@','POINT(15.5521 74.1779)'),(467,'\0\0\0\0\0\0\0D/@<N\\R@','POINT(15.5503 74.1619)'),(468,'\0\0\0\0\0\0\0|a2U0/@46<R@','POINT(15.5944 74.2068)'),(469,'\0\0\0\0\0\0\0Q;/@R@','POINT(15.6169 74.2163)'),(470,'\0\0\0\0\0\0\0tF/@N\\R@','POINT(15.5606 74.1874)'),(471,'\0\0\0\0\0\0\0o_Y/@R@','POINT(15.6754 74.0573)'),(472,'\0\0\0\0\0\0\0S!u/@q\r-R@','POINT(15.5341 74.0653)'),(473,'\0\0\0\0\0\0\0QI\0/@YR@','POINT(15.5012 74.1071)'),(474,'\0\0\0\0\0\0\0*D.@F%uR@','POINT(15.4849 74.0939)'),(475,'\0\0\0\0\0\0\0.@c]FR@','POINT(15.4841 74.1137)'),(476,'\0\0\0\0\0\0\0o_.@6\ZR@','POINT(15.4879 74.1266)'),(477,'\0\0\0\0\0\0\0?.@w#R@','POINT(15.4978 74.1428)'),(478,'\0\0\0\0\0\0\0Gx$.@\\ AcR@','POINT(15.4534 74.1311)'),(479,'\0\0\0\0\0\0\0^)/@&SR@','POINT(15.5328 74.1652)'),(480,'\0\0\0\0\0\0\0)/@zGR@','POINT(15.5819 74.145)'),(481,'\0\0\0\0\0\0\0uq\r /@a+R@','POINT(15.5626 74.0808)'),(482,'\0\0\0\0\0\0\0j+/@9vR@','POINT(15.5578 74.0585)'),(483,'\0\0\0\0\0\0\0$(~+/@}?5^R@','POINT(15.5854 74.027)'),(484,'\0\0\0\0\0\0\0E4/@?5^IR@','POINT(15.6035 74.0045)'),(485,'\0\0\0\0\0\0\0H./@_R@','POINT(15.5609 74.1343)'),(486,'\0\0\0\0\0\0\0Zd;//@8dR@','POINT(15.5935 74.1354)'),(487,'\0\0\0\0\0\0\0Oe.@b}R@','POINT(15.2569 73.9664)'),(488,'\0\0\0\0\0\0\03.n.@}R@','POINT(15.2567 73.9663)'),(489,'\0\0\0\0\0\0\0EJy.@z~R@','POINT(15.2369 73.9762)'),(490,'\0\0\0\0\0\0\0b=y.@\nh\"lx~R@','POINT(15.2368 73.9761)'),(491,'\0\0\0\0\0\0\0[B>l.@_L~R@','POINT(15.2126 73.9773)'),(492,'\0\0\0\0\0\0\0&1\\.@x$(~R@','POINT(15.181 73.9712)'),(493,'\0\0\0\0\0\0\0ZT.@6<R~R@','POINT(15.1658 73.9738)'),(494,'\0\0\0\0\0\0\00\'U.@6<R~R@','POINT(15.1661 73.9738)'),(495,'\0\0\0\0\0\0\0,G.@QI}R@','POINT(15.1389 73.9576)'),(496,'\0\0\0\0\0\0\0I+\'/@~R@','POINT(15.5765 74.0466)'),(497,'\0\0\0\0\0\0\0,\'/@\\mR@','POINT(15.5764 74.0468)'),(498,'\0\0\0\0\0\0\0Y\Z/@=UR@','POINT(15.5522 74.0566)'),(499,'\0\0\0\0\0\0\0B-/@8mtR@','POINT(15.5884 73.8192)'),(500,'\0\0\0\0\0\0\0a4//@YvR@','POINT(15.5922 73.8551)'),(501,'\0\0\0\0\0\0\0v\Z//@vR@','POINT(15.592 73.8552)'),(502,'\0\0\0\0\0\0\0\\C-/@wR@','POINT(15.5898 73.8731)'),(503,'\0\0\0\0\0\0\0\\C-/@wR@','POINT(15.5898 73.8734)'),(504,'\0\0\0\0\0\0\0Gx$(/@FxxR@','POINT(15.5784 73.8757)'),(505,'\0\0\0\0\0\0\0,C\"/@\rqxR@','POINT(15.5682 73.8884)'),(506,'\0\0\0\0\0\0\0Ciq\n/@\np=vR@','POINT(15.5204 73.8475)'),(507,'\0\0\0\0\0\0\0(\r/@,CvR@','POINT(15.5327 73.8581)'),(508,'\0\0\0\0\0\0\0R\'!/@,wR@','POINT(15.5658 73.8612)'),(509,'\0\0\0\0\0\0\0NbX94/@[ AwR@','POINT(15.602 73.8741)'),(510,'\0\0\0\0\0\0\0n2/@xR@','POINT(15.5977 73.8892)'),(511,'\0\0\0\0\0\0\0Q+/@_vR@','POINT(15.585 73.8496)'),(512,'\0\0\0\0\0\0\0\nh\"lx\Z/@Z{R@','POINT(15.5517 73.9334)'),(513,'\0\0\0\0\0\0\06\Z /@zR@','POINT(15.5627 73.9209)'),(514,'\0\0\0\0\0\0\0`TR\' /@	czR@','POINT(15.5628 73.9208)'),(515,'\0\0\0\0\0\0\0E/@vzR@','POINT(15.5585 73.916)'),(516,'\0\0\0\0\0\0\0(\\\"/@gj+zR@','POINT(15.5675 73.9089)'),(517,'\0\0\0\0\0\0\0\0/@|YuR@','POINT(15.5056 73.8336)'),(518,'\0\0\0\0\0\0\0,C/@6>W[uR@','POINT(15.5057 73.8337)'),(519,'\0\0\0\0\0\0\0Fx/@sR@','POINT(15.5079 73.8097)'),(520,'\0\0\0\0\0\0\0u/@ErR@','POINT(15.5099 73.7855)'),(521,'\0\0\0\0\0\0\0u/@ErR@','POINT(15.5099 73.7855)'),(522,'\0\0\0\0\0\0\0\ZQ|a/@wR@','POINT(15.6904 73.8722)'),(523,'\0\0\0\0\0\0\0MStd/@AfyR@','POINT(15.6962 73.8969)'),(524,'\0\0\0\0\0\0\0S/@GzxR@','POINT(15.6622 73.8825)'),(525,'\0\0\0\0\0\0\0S/@x$(~xR@','POINT(15.6622 73.8827)'),(526,'\0\0\0\0\0\0\0d;OW/@Zd;wR@','POINT(15.671 73.863)'),(527,'\0\0\0\0\0\0\0PkW/@Zd;wR@','POINT(15.6711 73.863)'),(528,'\0\0\0\0\0\0\0z6K/@o_uR@','POINT(15.6469 73.8407)'),(529,'\0\0\0\0\0\0\0z6K/@uR@','POINT(15.6469 73.8408)'),(530,'\0\0\0\0\0\0\0O/@|?5vR@','POINT(15.6554 73.847)'),(531,'\0\0\0\0\0\0\0rO/@JY8vR@','POINT(15.6557 73.8472)'),(532,'\0\0\0\0\0\0\0Pk.@sR@','POINT(15.4836 73.8092)'),(533,'\0\0\0\0\0\0\0m4.@):sR@','POINT(15.4834 73.8093)'),(534,'\0\0\0\0\0\0\0-!l.@\r-tR@','POINT(15.4813 73.8223)'),(535,'\0\0\0\0\0\0\0.@_LuR@','POINT(15.4998 73.8328)'),(536,'\0\0\0\0\0\0\0(.@ptR@','POINT(15.4876 73.8261)'),(537,'\0\0\0\0\0\0\0y&1.@+R@','POINT(15.336 74.017)'),(538,'\0\0\0\0\0\0\0]C.@[R@','POINT(15.3358 74.0169)'),(539,'\0\0\0\0\0\0\0kw.@eR@','POINT(15.3196 74.0296)'),(540,'\0\0\0\0\0\0\0m{.@CR@','POINT(15.2861 74.0769)'),(541,'\0\0\0\0\0\0\0Q|a.@CR@','POINT(15.2859 74.0769)'),(542,'\0\0\0\0\0\0\0W2.@QR@','POINT(15.2847 74.08)'),(543,'\0\0\0\0\0\0\0u.@R@','POINT(15.2844 74.0799)'),(544,'\0\0\0\0\0\0\0H}8.@sFR@','POINT(15.2641 74.1088)'),(545,'\0\0\0\0\0\0\0I+.@sFR@','POINT(15.264 74.1088)'),(546,'\0\0\0\0\0\0\0:M.@^)R@','POINT(15.2584 74.1729)'),(547,'\0\0\0\0\0\0\0?.@I+R@','POINT(15.2583 74.1745)'),(548,'\0\0\0\0\0\0\0/@z,C{R@','POINT(15.7608 73.9236)'),(549,'\0\0\0\0\0\0\0\rO/@z,C{R@','POINT(15.7609 73.9236)'),(550,'\0\0\0\0\0\0\0C/@vOjuR@','POINT(15.7518 73.8346)'),(551,'\0\0\0\0\0\0\0p/@(~kuR@','POINT(15.7517 73.8347)'),(552,'\0\0\0\0\0\0\0Q/@	gvR@','POINT(15.76 73.8547)'),(553,'\0\0\0\0\0\0\0?/@1wuR@','POINT(15.7583 73.8354)'),(554,'\0\0\0\0\0\0\0W2/@xuR@','POINT(15.7582 73.8355)'),(555,'\0\0\0\0\0\0\0/@	wR@','POINT(15.7806 73.8613)'),(556,'\0\0\0\0\0\0\0V-/@	wR@','POINT(15.7805 73.8613)'),(557,'\0\0\0\0\0\0\0-!l/@48EwR@','POINT(15.7938 73.8636)'),(558,'\0\0\0\0\0\0\0/$/@k	tR@','POINT(15.752 73.8277)'),(559,'\0\0\0\0\0\0\0Yz/@\0\0\0\0\0tR@','POINT(15.7397 73.8125)'),(560,'\0\0\0\0\0\0\0vz/@N\\sR@','POINT(15.7395 73.8124)'),(561,'\0\0\0\0\0\0\0O@as/@6<RuR@','POINT(15.7261 73.8373)'),(562,'\0\0\0\0\0\0\0Es/@6<RuR@','POINT(15.726 73.8373)'),(563,'\0\0\0\0\0\0\0`TR\'`/@K7mR@','POINT(15.6878 73.7115)'),(564,'\0\0\0\0\0\0\06\Z`/@ZmR@','POINT(15.6877 73.7116)'),(565,'\0\0\0\0\0\0\0#J{/L/@SmR@','POINT(15.6488 73.717)'),(566,'\0\0\0\0\0\0\0H}=/@lxz,oR@','POINT(15.6201 73.7371)'),(567,'\0\0\0\0\0\0\0H}=/@I+oR@','POINT(15.6201 73.737)'),(568,'\0\0\0\0\0\0\0(\r>/@jMrR@','POINT(15.6212 73.7961)'),(569,'\0\0\0\0\0\0\0u>/@jMrR@','POINT(15.6213 73.7961)'),(570,'\0\0\0\0\0\0\0_vO>/@LJrR@','POINT(15.6217 73.7858)'),(571,'\0\0\0\0\0\0\0_vO>/@MrR@','POINT(15.6217 73.786)'),(572,'\0\0\0\0\0\0\0>.@MbtR@','POINT(15.4941 73.8185)'),(573,'\0\0\0\0\0\0\0]K.@F_tR@','POINT(15.4942 73.8183)'),(574,'\0\0\0\0\0\0\0?.@*:tR@','POINT(15.4993 73.8203)'),(575,'\0\0\0\0\0\0\0K7A\0/@F%utR@','POINT(15.5005 73.8219)'),(576,'\0\0\0\0\0\0\0QI\0/@atR@','POINT(15.5012 73.8256)'),(577,'\0\0\0\0\0\0\0!u\0/@DtR@','POINT(15.5009 73.8257)'),(578,'\0\0\0\0\0\0\0n\0/@N@uR@','POINT(15.501 73.8293)'),(579,'\0\0\0\0\0\0\0):.@$(~uR@','POINT(15.4996 73.8367)'),(580,'\0\0\0\0\0\0\0\0	.@l	gsR@','POINT(15.4571 73.8032)'),(581,'\0\0\0\0\0\0\0	g.@QuR@','POINT(15.4584 73.83)'),(582,'\0\0\0\0\0\0\0n.@QuR@','POINT(15.4585 73.83)'),(583,'\0\0\0\0\0\0\0k+.@\'1vR@','POINT(15.4763 73.8455)'),(584,'\0\0\0\0\0\0\0.@b=uR@','POINT(15.4875 73.8319)'),(585,'\0\0\0\0\0\0\0.n.@h|?uR@','POINT(15.4922 73.832)'),(586,'\0\0\0\0\0\0\0w\Z/.@b=uR@','POINT(15.4945 73.8319)'),(587,'\0\0\0\0\0\0\0=U.@3R@','POINT(15.4642 73.9954)'),(588,'\0\0\0\0\0\0\0\Z/$.@uq\rxR@','POINT(15.387 73.8758)'),(589,'\0\0\0\0\0\0\0\0b/@mnR@','POINT(15.6931 73.7335)'),(590,'\0\0\0\0\0\0\0mV}b/@DnR@','POINT(15.6928 73.7337)'),(591,'\0\0\0\0\0\0\0]CK/@A`rR@','POINT(15.6483 73.794)'),(592,'\0\0\0\0\0\0\0sK/@;prR@','POINT(15.6484 73.7941)'),(593,'\0\0\0\0\0\0\0qK/@YrR@','POINT(15.6478 73.7926)'),(594,'\0\0\0\0\0\0\0$(~K/@YrR@','POINT(15.6479 73.7926)'),(595,'\0\0\0\0\0\0\0\'F/@JY8rR@','POINT(15.6381 73.7847)'),(596,'\0\0\0\0\0\0\0I&F/@C6rR@','POINT(15.6382 73.7846)'),(597,'\0\0\0\0\0\0\0E4/@l	goR@','POINT(15.6035 73.7407)'),(598,'\0\0\0\0\0\0\0D4/@l	goR@','POINT(15.6034 73.7407)'),(599,'\0\0\0\0\0\0\0\\m2/@(\\oR@','POINT(15.5996 73.74)'),(600,'\0\0\0\0\0\0\0q2/@Ac]oR@','POINT(15.5994 73.7401)'),(601,'\0\0\0\0\0\0\0q2/@sFnR@','POINT(15.5994 73.7338)'),(602,'\0\0\0\0\0\0\0$(~+/@!uqoR@','POINT(15.5854 73.7413)'),(603,'\0\0\0\0\0\0\0Q+/@~jtoR@','POINT(15.585 73.7415)'),(604,'\0\0\0\0\0\0\0Ac]+/@9oR@','POINT(15.5847 73.7379)'),(605,'\0\0\0\0\0\0\0z6+/@z6>oR@','POINT(15.5844 73.7382)'),(606,'\0\0\0\0\0\0\0D*/@]CoR@','POINT(15.5839 73.7489)'),(607,'\0\0\0\0\0\0\0D*/@]CoR@','POINT(15.5839 73.7489)'),(608,'\0\0\0\0\0\0\0H/@BqR@','POINT(15.5581 73.7762)'),(609,'\0\0\0\0\0\0\0V-/@1qR@','POINT(15.558 73.7763)'),(610,'\0\0\0\0\0\0\03/@\"~rR@','POINT(15.5463 73.789)'),(611,'\0\0\0\0\0\0\0Pk/@%rR@','POINT(15.5461 73.7893)'),(612,'\0\0\0\0\0\0\0x&/@h\0sR@','POINT(15.5335 73.7969)'),(613,'\0\0\0\0\0\0\0(\r/@h\0sR@','POINT(15.5327 73.7969)'),(614,'\0\0\0\0\0\0\0`vO\n/@	sR@','POINT(15.5197 73.8053)'),(615,'\0\0\0\0\0\0\0Dl	/@	sR@','POINT(15.5195 73.8053)'),(616,'\0\0\0\0\0\0\0)\\/@qR@','POINT(15.5175 73.7772)'),(617,'\0\0\0\0\0\0\0\rq/@qR@','POINT(15.5173 73.7772)'),(618,'\0\0\0\0\0\0\0/@>yX5qR@','POINT(15.5128 73.7689)'),(619,'\0\0\0\0\0\0\0_v.@p=\nR@','POINT(15.4677 73.9975)'),(620,'\0\0\0\0\0\0\0|a2U0.@FxR@','POINT(15.4574 74.0007)'),(621,'\0\0\0\0\0\0\0):.@jqR@','POINT(15.4371 74.0087)'),(622,'\0\0\0\0\0\0\0.@K7AR@','POINT(15.4542 74.004)'),(623,'\0\0\0\0\0\0\0Ps.@46<R@','POINT(15.4118 74.0193)'),(624,'\0\0\0\0\0\0\0%u.@Pn{R@','POINT(15.4903 73.923)'),(625,'\0\0\0\0\0\0\0%u.@{R@','POINT(15.4903 73.9231)'),(626,'\0\0\0\0\0\0\0jt.@Pn{R@','POINT(15.4855 73.923)'),(627,'\0\0\0\0\0\0\0JY.@{R@','POINT(15.4854 73.9231)'),(628,'\0\0\0\0\0\0\0\0o.@W/\'{R@','POINT(15.4683 73.9243)'),(629,'\0\0\0\0\0\0\0\0o.@W/\'{R@','POINT(15.4683 73.9243)'),(630,'\0\0\0\0\0\0\0e`TR.@Pn{R@','POINT(15.4518 73.923)'),(631,'\0\0\0\0\0\0\048E.@{R@','POINT(15.4517 73.9231)'),(632,'\0\0\0\0\0\0\0Z.@I.!zR@','POINT(15.4448 73.9217)'),(633,'\0\0\0\0\0\0\0Z.@I.!zR@','POINT(15.4448 73.9217)'),(634,'\0\0\0\0\0\0\0|a2U0/@uR@','POINT(15.5944 73.8394)'),(635,'\0\0\0\0\0\0\0\0~:0/@XuR@','POINT(15.5942 73.8393)'),(636,'\0\0\0\0\0\0\00L\nF%/@	h\"lxR@','POINT(15.5728 73.8816)'),(637,'\0\0\0\0\0\0\0.n\\.@@R@','POINT(15.1797 73.9982)'),(638,'\0\0\0\0\0\0\0Q\\.@Zd;R@','POINT(15.1799 73.998)'),(639,'\0\0\0\0\0\0\0:M.@;pR@','POINT(15.0084 74.0441)'),(640,'\0\0\0\0\0\0\0p=\n.@\\mR@','POINT(15.0075 74.0468)'),(641,'\0\0\0\0\0\0\0.@\\mR@','POINT(15.0072 74.0468)'),(642,'\0\0\0\0\0\0\0sA-@K7R@','POINT(14.9673 74.0865)'),(643,'\0\0\0\0\0\0\0a4-@K7R@','POINT(14.9672 74.0865)'),(644,'\0\0\0\0\0\0\0u-@sR@','POINT(14.9094 74.0929)'),(645,'\0\0\0\0\0\0\0o-@gDioR@','POINT(14.9093 74.0928)'),(646,'\0\0\0\0\0\0\0+e-@nR@','POINT(14.9416 74.0705)'),(647,'\0\0\0\0\0\0\0z6-@:#J{R@','POINT(14.9594 74.0549)'),(648,'\0\0\0\0\0\0\0z,C-@m4R@','POINT(14.9592 74.0547)'),(649,'\0\0\0\0\0\0\0&S-@=,R@','POINT(14.9739 74.0922)'),(650,'\0\0\0\0\0\0\0:p-@=,R@','POINT(14.9737 74.0922)'),(651,'\0\0\0\0\0\0\0Zd-@\'WR@','POINT(14.991 74.0991)'),(652,'\0\0\0\0\0\0\0Zd-@uVR@','POINT(14.991 74.099)'),(653,'\0\0\0\0\0\0\0-@ZR@','POINT(14.9982 74.0866)'),(654,'\0\0\0\0\0\0\0W[-@ZR@','POINT(14.9979 74.0866)'),(655,'\0\0\0\0\0\0\0S:.@|a2R@','POINT(15.0024 74.0812)'),(656,'\0\0\0\0\0\0\0T\0.@|a2R@','POINT(15.0015 74.0812)'),(657,'\0\0\0\0\0\0\0-@R!R@','POINT(14.9982 74.0868)'),(658,'\0\0\0\0\0\0\0tF-@$(~R@','POINT(14.9981 74.0867)'),(659,'\0\0\0\0\0\0\0C\0.@b=R@','POINT(15.0018 74.0819)'),(660,'\0\0\0\0\0\0\0p\0.@46<R@','POINT(15.0017 74.0818)'),(661,'\0\0\0\0\0\0\0	.@#R@','POINT(15.0061 74.0623)'),(662,'\0\0\0\0\0\0\0Pn.@#R@','POINT(15.006 74.0623)'),(663,'\0\0\0\0\0\0\0.@6<RR@','POINT(15.011 74.0363)'),(664,'\0\0\0\0\0\0\0\rO.@6<RR@','POINT(15.0109 74.0363)'),(665,'\0\0\0\0\0\0\0HP.@CR@','POINT(15.1568 74.0144)'),(666,'\0\0\0\0\0\0\0\0~:P.@CR@','POINT(15.1567 74.0144)'),(667,'\0\0\0\0\0\0\0ec].@AfR@','POINT(15.1824 73.9974)'),(668,'\0\0\0\0\0\0\0b.@p=\nR@','POINT(15.1929 73.9975)'),(669,'\0\0\0\0\0\0\0mV}b.@|R@','POINT(15.1928 73.9971)'),(670,'\0\0\0\0\0\0\048e.@+R@','POINT(15.1977 73.997)'),(671,'\0\0\0\0\0\0\0a+e.@R@','POINT(15.1976 73.9967)'),(672,'\0\0\0\0\0\0\0Qe.@R@','POINT(15.1975 73.9967)'),(673,'\0\0\0\0\0\0\0Qe.@+R@','POINT(15.1975 73.997)'),(674,'\0\0\0\0\0\0\0p.@v~R@','POINT(15.2188 73.9785)'),(675,'\0\0\0\0\0\0\0.@R@','POINT(15.2574 74.0597)'),(676,'\0\0\0\0\0\0\0/n.@<,R@','POINT(15.2612 74.1067)'),(677,'\0\0\0\0\0\0\0^).@	gR@','POINT(15.2638 74.1047)'),(678,'\0\0\0\0\0\0\01Z.@46<R@','POINT(15.2585 74.1053)'),(679,'\0\0\0\0\0\0\0B.@a4R@','POINT(15.2689 74.1126)'),(680,'\0\0\0\0\0\0\0}?5^.@9R@','POINT(15.269 74.1129)'),(681,'\0\0\0\0\0\0\0St$w.@_vOR@','POINT(15.2327 74.0956)'),(682,'\0\0\0\0\0\0\0St$w.@\'1R@','POINT(15.2327 74.0955)'),(683,'\0\0\0\0\0\0\0QI.@:pR@','POINT(15.2512 74.1021)'),(684,'\0\0\0\0\0\0\0QI.@iqR@','POINT(15.2512 74.1022)'),(685,'\0\0\0\0\0\0\0q.@!rhR@','POINT(15.2208 74.087)'),(686,'\0\0\0\0\0\0\0Tt$p.@R@','POINT(15.2207 74.0871)'),(687,'\0\0\0\0\0\0\0ro.@b=R@','POINT(15.2182 74.0819)'),(688,'\0\0\0\0\0\0\0o.@b=R@','POINT(15.2181 74.0819)'),(689,'\0\0\0\0\0\0\0=Um.@*:R@','POINT(15.2142 74.0703)'),(690,'\0\0\0\0\0\0\0Y8m.@nR@','POINT(15.2144 74.0705)'),(691,'\0\0\0\0\0\0\0\\ Acl.@:p~R@','POINT(15.2117 73.9771)'),(692,'\0\0\0\0\0\0\0\\ Acl.@iq~R@','POINT(15.2117 73.9772)'),(693,'\0\0\0\0\0\0\0qk.@~R@','POINT(15.2103 73.9769)'),(694,'\0\0\0\0\0\0\0qk.@~R@','POINT(15.2103 73.9769)'),(695,'\0\0\0\0\0\0\0lxz,c.@@aR@','POINT(15.1937 73.9973)'),(696,'\0\0\0\0\0\0\0mV}b.@R@','POINT(15.1928 73.9972)'),(697,'\0\0\0\0\0\0\0+	(.@K4R@','POINT(15.0782 74.0323)'),(698,'\0\0\0\0\0\0\0(.@K4R@','POINT(15.0783 74.0323)'),(699,'\0\0\0\0\0\0\0$(~.@HPR@','POINT(15.4249 74.0484)'),(700,'\0\0\0\0\0\0\0}b.@z,CR@','POINT(15.4248 74.0486)'),(701,'\0\0\0\0\0\0\0L\nF%.@8gDioR@','POINT(15.4163 74.0693)'),(702,'\0\0\0\0\0\0\00\'.@8gDioR@','POINT(15.4161 74.0693)'),(703,'\0\0\0\0\0\0\0#.@Zd;OR@','POINT(15.4151 74.083)'),(704,'\0\0\0\0\0\0\03.@QR@','POINT(15.4153 74.0831)'),(705,'\0\0\0\0\0\0\0Gr.@z6>WR@','POINT(15.4217 74.0522)'),(706,'\0\0\0\0\0\0\0Gr.@z6>WR@','POINT(15.4217 74.0522)'),(707,'\0\0\0\0\0\0\0*:.@yX5R@','POINT(15.3916 74.1219)'),(708,'\0\0\0\0\0\0\0 r.@R@','POINT(15.3915 74.1217)'),(709,'\0\0\0\0\0\0\0?.@XR@','POINT(15.4663 74.0893)'),(710,'\0\0\0\0\0\0\0X2.@XR@','POINT(15.4662 74.0893)'),(711,'\0\0\0\0\0\0\0<,.@v\ZR@','POINT(15.4769 74.111)'),(712,'\0\0\0\0\0\0\0.@z,CR@','POINT(15.4767 74.1111)'),(713,'\0\0\0\0\0\0\0/@{R@','POINT(15.5036 74.1398)'),(714,'\0\0\0\0\0\0\0/@)\\R@','POINT(15.5036 74.14)'),(715,'\0\0\0\0\0\0\0h\0o$/@TxR@','POINT(15.5713 73.8868)'),(716,'\0\0\0\0\0\0\01Z$/@(\rxR@','POINT(15.571 73.8866)'),(717,'\0\0\0\0\0\0\0?$/@TxR@','POINT(15.5708 73.887)'),(718,'\0\0\0\0\0\0\0\"u|.@n4@~R@','POINT(15.2439 73.9727)'),(719,'\0\0\0\0\0\0\0\"u|.@n4@~R@','POINT(15.2439 73.9727)'),(720,'\0\0\0\0\0\0\0rh|.@\\C~R@','POINT(15.244 73.9729)'),(721,'\0\0\0\0\0\0\0^K={.@-!l~R@','POINT(15.2407 73.9754)'),(722,'\0\0\0\0\0\0\0V/{.@~:p~R@','POINT(15.2406 73.9756)'),(723,'\0\0\0\0\0\0\0w.@\nh\"lx~R@','POINT(15.2339 73.9761)'),(724,'\0\0\0\0\0\0\0w.@z~R@','POINT(15.2339 73.9762)'),(725,'\0\0\0\0\0\0\0HPs.@iq~R@','POINT(15.2248 73.9772)'),(726,'\0\0\0\0\0\0\0s.@~R@','POINT(15.2247 73.9774)'),(727,'\0\0\0\0\0\0\08gDi/.@H.R@','POINT(15.0926 74.0312)'),(728,'\0\0\0\0\0\0\0(\\/.@R@','POINT(15.0925 74.0311)'),(729,'\0\0\0\0\0\0\0\').@R@','POINT(15.0818 74.0302)'),(730,'\0\0\0\0\0\0\0\').@}YR@','POINT(15.0818 74.0306)'),(731,'\0\0\0\0\0\0\0.@K7}R@','POINT(15.2833 73.9565)'),(732,'\0\0\0\0\0\0\0x&.@K7}R@','POINT(15.2835 73.9565)'),(733,'\0\0\0\0\0\0\0Zd;.@B}R@','POINT(15.281 73.9572)'),(734,'\0\0\0\0\0\0\0V.@~8gD}R@','POINT(15.2811 73.9573)'),(735,'\0\0\0\0\0\0\0V-].@u~R@','POINT(15.183 73.9704)'),(736,'\0\0\0\0\0\0\0ec]\\.@y)~R@','POINT(15.1804 73.9713)'),(737,'\0\0\0\0\0\0\0:MM.@\\R@','POINT(15.1514 74.0213)'),(738,'\0\0\0\0\0\0\0%M.@|a2R@','POINT(15.1516 74.0187)'),(739,'\0\0\0\0\0\0\0\Z/$/@yqR@','POINT(15.762 73.7778)'),(740,'\0\0\0\0\0\0\0/@W2qR@','POINT(15.7617 73.7776)'),(741,'\0\0\0\0\0\0\0Q|a/@z6>WoR@','POINT(15.7859 73.7397)'),(742,'\0\0\0\0\0\0\0On/@,eXoR@','POINT(15.786 73.7398)'),(743,'\0\0\0\0\0\0\0B/@d`pR@','POINT(15.7759 73.7559)'),(744,'\0\0\0\0\0\0\0B/@d`pR@','POINT(15.7759 73.7559)'),(745,'\0\0\0\0\0\0\0_Lj/@\\(tR@','POINT(15.7081 73.815)'),(746,'\0\0\0\0\0\0\0\r0j/@0*tR@','POINT(15.7082 73.8151)'),(747,'\0\0\0\0\0\0\0\'WJ/@uuR@','POINT(15.6452 73.8377)'),(748,'\0\0\0\0\0\0\0LJJ/@%uR@','POINT(15.6451 73.8378)'),(749,'\0\0\0\0\0\0\0\Z[ A1/@*:tR@','POINT(15.5962 73.8203)'),(750,'\0\0\0\0\0\0\05;N1/@*:tR@','POINT(15.5963 73.8203)'),(751,'\0\0\0\0\0\0\0:p.@l}R@','POINT(15.2862 73.9635)'),(752,'\0\0\0\0\0\0\0m{.@1}R@','POINT(15.2861 73.9638)'),(753,'\0\0\0\0\0\0\0U.@gj+~R@','POINT(15.2982 73.9714)'),(754,'\0\0\0\0\0\0\0U.@|a2U0~R@','POINT(15.2982 73.9717)'),(755,'\0\0\0\0\0\0\0H.@~R@','POINT(15.3081 73.9774)'),(756,'\0\0\0\0\0\0\0V-.@t$~R@','POINT(15.308 73.9776)'),(757,'\0\0\0\0\0\0\0S.@9#JR@','POINT(15.324 73.9889)'),(758,'\0\0\0\0\0\0\01.@=UR@','POINT(15.3236 73.9896)'),(759,'\0\0\0\0\0\0\0J.@NbX9R@','POINT(15.3516 74.0035)'),(760,'\0\0\0\0\0\0\0l	g.@\0~:R@','POINT(15.3504 74.0036)'),(761,'\0\0\0\0\0\0\0{.@1*R@','POINT(15.3451 74.0091)'),(762,'\0\0\0\0\0\0\0{.@1*R@','POINT(15.3451 74.0091)'),(763,'\0\0\0\0\0\0\0r.@MJR@','POINT(15.3432 74.0143)'),(764,'\0\0\0\0\0\0\0V-.@R@','POINT(15.343 74.0142)'),(765,'\0\0\0\0\0\0\0K7.@0L\nFR@','POINT(15.3305 74.0199)'),(766,'\0\0\0\0\0\0\0K7.@0L\nFR@','POINT(15.3305 74.0199)'),(767,'\0\0\0\0\0\0\0MSt.@DR@','POINT(15.3212 74.0274)'),(768,'\0\0\0\0\0\0\0.@KY8R@','POINT(15.3161 74.0287)'),(769,'\0\0\0\0\0\0\0.@KY8R@','POINT(15.3161 74.0287)'),(770,'\0\0\0\0\0\0\0 Ac.@X2R@','POINT(15.3082 74.0421)'),(771,'\0\0\0\0\0\0\0V-.@X2R@','POINT(15.308 74.0421)'),(772,'\0\0\0\0\0\0\0D.@?R@','POINT(15.3003 74.0664)'),(773,'\0\0\0\0\0\0\0D.@cZB>R@','POINT(15.3003 74.0663)'),(774,'\0\0\0\0\0\0\0v.@T|R@','POINT(15.302 73.9493)'),(775,'\0\0\0\0\0\0\0&S.@?W[|R@','POINT(15.3019 73.9492)'),(776,'\0\0\0\0\0\0\0=U.@LJzR@','POINT(15.3977 73.9108)'),(777,'\0\0\0\0\0\0\0z):.@58EGzR@','POINT(15.3976 73.9106)'),(778,'\0\0\0\0\0\0\0.@zR@','POINT(15.4083 73.9082)'),(779,'\0\0\0\0\0\0\0.@_vOzR@','POINT(15.4083 73.9081)'),(780,'\0\0\0\0\0\0\0[ A.@]K}R@','POINT(15.3827 73.9536)'),(781,'\0\0\0\0\0\0\02%.@/$}R@','POINT(15.3826 73.9535)'),(782,'\0\0\0\0\0\0\02..@%uR@','POINT(15.3402 73.9849)'),(783,'\0\0\0\0\0\0\0H.@I.!~R@','POINT(15.3404 73.9842)'),(784,'\0\0\0\0\0\0\0?5^I.@&S~R@','POINT(15.4615 73.9787)'),(785,'\0\0\0\0\0\0\0?5^I.@T~R@','POINT(15.4615 73.9788)'),(786,'\0\0\0\0\0\0\0e`TRg.@~R@','POINT(15.2018 73.9769)'),(787,'\0\0\0\0\0\0\048Eg.@~R@','POINT(15.2017 73.9769)'),(788,'\0\0\0\0\0\0\0Th.@_L~R@','POINT(15.2046 73.9773)'),(789,'\0\0\0\0\0\0\0Th.@:p~R@','POINT(15.2046 73.9771)'),(790,'\0\0\0\0\0\0\00L\nFe.@\nF%u~R@','POINT(15.1978 73.9759)'),(791,'\0\0\0\0\0\0\0&Se.@s~R@','POINT(15.1979 73.9758)'),(792,'\0\0\0\0\0\0\0=U_.@~R@','POINT(15.1862 73.9707)'),(793,'\0\0\0\0\0\0\0=U_.@_vO~R@','POINT(15.1862 73.9706)'),(794,'\0\0\0\0\0\0\0+W.@uV~R@','POINT(15.1715 73.974)'),(795,'\0\0\0\0\0\0\0+W.@d`T~R@','POINT(15.1715 73.9739)'),(796,'\0\0\0\0\0\0\0ET.@_vO~R@','POINT(15.166 73.9736)'),(797,'\0\0\0\0\0\0\0M\rOT.@_Q~R@','POINT(15.1654 73.9737)'),(798,'\0\0\0\0\0\0\0M\rOT.@_vO~R@','POINT(15.1654 73.9736)'),(799,'\0\0\0\0\0\0\0Zd;.@N@a{R@','POINT(15.3735 73.9278)'),(800,'\0\0\0\0\0\0\0Zd;.@o_{R@','POINT(15.3735 73.9277)'),(801,'\0\0\0\0\0\0\0]C.@Af}R@','POINT(15.2733 73.9594)'),(802,'\0\0\0\0\0\0\0d]K.@;O~R@','POINT(15.2652 73.978)'),(803,'\0\0\0\0\0\0\0V/.@sF~R@','POINT(15.2651 73.9778)'),(804,'\0\0\0\0\0\0\0q\r-.@h\0o}R@','POINT(15.2816 73.9599)'),(805,'\0\0\0\0\0\0\0v\Z.@8EGr}R@','POINT(15.2795 73.9601)'),(806,'\0\0\0\0\0\0\0.@|Y}R@','POINT(15.273 73.9586)'),(807,'\0\0\0\0\0\0\0`vO.@^}R@','POINT(15.2697 73.9589)'),(808,'\0\0\0\0\0\0\0	h.@=UR@','POINT(15.2547 73.9941)'),(809,'\0\0\0\0\0\0\03.@R@','POINT(15.2543 73.9939)'),(810,'\0\0\0\0\0\0\0Bi~.@ rR@','POINT(15.2469 74.007)'),(811,'\0\0\0\0\0\0\0 cZB~.@MStR@','POINT(15.2466 74.0071)'),(812,'\0\0\0\0\0\0\0B>z.@eaR@','POINT(15.2396 74.0216)'),(813,'\0\0\0\0\0\0\0u.@{/LR@','POINT(15.2303 74.0414)'),(814,'\0\0\0\0\0\0\0u.@TR@','POINT(15.2301 74.0413)'),(815,'\0\0\0\0\0\0\0Et.@Zd;R@','POINT(15.2285 74.0505)'),(816,'\0\0\0\0\0\0\0at.@Zd;R@','POINT(15.2282 74.0505)'),(817,'\0\0\0\0\0\0\0/$.@X9R@','POINT(15.252 74.0435)'),(818,'\0\0\0\0\0\0\0k	.@tR@','POINT(15.2519 74.0437)'),(819,'\0\0\0\0\0\0\0QI`.@jMR@','POINT(15.1887 74.0556)'),(820,'\0\0\0\0\0\0\0!u`.@&R@','POINT(15.1884 74.0551)'),(821,'\0\0\0\0\0\0\0Pkw\\.@1%R@','POINT(15.1806 74.0648)'),(822,'\0\0\0\0\0\0\0ec]\\.@Gx$R@','POINT(15.1804 74.0647)'),(823,'\0\0\0\0\0\0\03B.@h\"lxzR@','POINT(15.1293 74.0856)'),(824,'\0\0\0\0\0\0\05^IB.@8EGrR@','POINT(15.129 74.0851)'),(825,'\0\0\0\0\0\0\0k+3.@$R@','POINT(15.1013 74.1243)'),(826,'\0\0\0\0\0\0\0.@vq\rR@','POINT(15.0174 74.0293)'),(827,'\0\0\0\0\0\0\0.@?R@','POINT(15.0174 74.0291)'),(828,'\0\0\0\0\0\0\0(\r.@|YR@','POINT(15.0327 74.0211)'),(829,'\0\0\0\0\0\0\0(\r.@MbXR@','POINT(15.0327 74.021)'),(830,'\0\0\0\0\0\0\0 .@o_R@','POINT(15.0365 73.9902)'),(831,'\0\0\0\0\0\0\0&S.@Ac]R@','POINT(15.0364 73.9901)'),(832,'\0\0\0\0\0\0\01E.@(}R@','POINT(15.1361 73.9556)'),(833,'\0\0\0\0\0\0\0E.@a2U0*}R@','POINT(15.1358 73.9557)'),(834,'\0\0\0\0\0\0\0t..@	cR@','POINT(15.0914 74.2248)'),(835,'\0\0\0\0\0\0\0X2..@_R@','POINT(15.0912 74.2246)'),(836,'\0\0\0\0\0\0\0 0.@q\r-R@','POINT(15.094 74.1903)'),(837,'\0\0\0\0\0\0\00.@NbX9R@','POINT(15.0938 74.191)'),(838,'\0\0\0\0\0\0\0S;.@)\r0R@','POINT(15.1165 74.2061)'),(839,'\0\0\0\0\0\0\06\Z;.@a2U0*R@','POINT(15.1167 74.2057)'),(840,'\0\0\0\0\0\0\0AfU.@m4R@','POINT(15.1668 74.2422)'),(841,'\0\0\0\0\0\0\0L\nF%U.@OeR@','POINT(15.1663 74.2427)'),(842,'\0\0\0\0\0\0\0RI&b.@<,R@','POINT(15.1917 74.2282)'),(843,'\0\0\0\0\0\0\0n4@b.@iqR@','POINT(15.1919 74.2272)'),(844,'\0\0\0\0\0\0\0~8gDi.@gj+R@','POINT(15.2056 74.2214)'),(845,'\0\0\0\0\0\0\0K7i.@9#R@','POINT(15.2055 74.2209)'),(846,'\0\0\0\0\0\0\0tv.@R@','POINT(15.2305 74.1826)'),(847,'\0\0\0\0\0\0\0?u.@>W[R@','POINT(15.2302 74.1827)'),(848,'\0\0\0\0\0\0\0:pr.@<,R@','POINT(15.2237 74.1692)'),(849,'\0\0\0\0\0\0\058EGr.@+R@','POINT(15.2232 74.1695)'),(850,'\0\0\0\0\0\0\0~jt.@XR@','POINT(15.228 74.1518)'),(851,'\0\0\0\0\0\0\0s.@k	R@','POINT(15.2265 74.1402)'),(852,'\0\0\0\0\0\0\0k+s.@k	R@','POINT(15.2263 74.1402)'),(853,'\0\0\0\0\0\0\0Ev.@PkwR@','POINT(15.231 74.1323)'),(854,'\0\0\0\0\0\0\0gj+v.@!uR@','POINT(15.2308 74.1322)'),(855,'\0\0\0\0\0\0\0.@N@aR@','POINT(15.2572 74.1153)'),(856,'\0\0\0\0\0\0\0N@a.@o_R@','POINT(15.2566 74.1152)'),(857,'\0\0\0\0\0\0\02..@6\ZR@','POINT(15.2777 74.1211)'),(858,'\0\0\0\0\0\0\0Gz.@\0oR@','POINT(15.2775 74.1214)'),(859,'\0\0\0\0\0\0\0{P.@9#~R@','POINT(15.2721 73.9709)'),(860,'\0\0\0\0\0\0\0{P.@<R!~R@','POINT(15.2721 73.9708)'),(861,'\0\0\0\0\0\0\0{P.@<R!~R@','POINT(15.2721 73.9708)'),(862,'\0\0\0\0\0\0\0%C.@<R!~R@','POINT(15.272 73.9708)'),(863,'\0\0\0\0\0\0\0Q.@JY~R@','POINT(15.2725 73.9742)'),(864,'\0\0\0\0\0\0\0fj.@JY~R@','POINT(15.2723 73.9742)'),(865,'\0\0\0\0\0\0\0.@sF~R@','POINT(15.273 73.9778)'),(866,'\0\0\0\0\0\0\0$(~.@sF~R@','POINT(15.2729 73.9778)'),(867,'\0\0\0\0\0\0\0/$.@VR@','POINT(15.292 74.1851)'),(868,'\0\0\0\0\0\0\0gs.@VR@','POINT(15.2919 74.1851)'),(869,'\0\0\0\0\0\0\0=yX.@!uR@','POINT(15.2923 74.0072)'),(870,'\0\0\0\0\0\0\0K=.@!uR@','POINT(15.2922 74.0072)'),(871,'\0\0\0\0\0\0\0n.@:p~R@','POINT(15.2852 73.9771)'),(872,'\0\0\0\0\0\0\0R.@iq~R@','POINT(15.285 73.9772)'),(873,'\0\0\0\0\0\0\0?5^I.@uVR@','POINT(15.274 74.099)'),(874,'\0\0\0\0\0\0\0V.@uVR@','POINT(15.2741 74.099)'),(875,'\0\0\0\0\0\0\0d`T.@HR@','POINT(15.2858 74.1294)'),(876,'\0\0\0\0\0\0\058EG.@?5^IR@','POINT(15.2857 74.1295)'),(877,'\0\0\0\0\0\0\0n.@_LR@','POINT(15.376 74.2273)'),(878,'\0\0\0\0\0\0\0qh.@(\\R@','POINT(15.3758 74.2275)'),(879,'\0\0\0\0\0\0\0#J{/.@AR@','POINT(15.3363 74.2437)'),(880,'\0\0\0\0\0\0\0	h\".@St$R@','POINT(15.3362 74.2436)'),(881,'\0\0\0\0\0\0\0}b.@mR@','POINT(15.3623 74.2335)'),(882,'\0\0\0\0\0\0\0EJ.@47R@','POINT(15.3619 74.2339)'),(883,'\0\0\0\0\0\0\0)\\.@L\nF%R@','POINT(15.33 74.2054)'),(884,'\0\0\0\0\0\0\0.@a+R@','POINT(15.3294 74.2058)'),(885,'\0\0\0\0\0\0\0I&.@Y8R@','POINT(15.3257 74.1527)'),(886,'\0\0\0\0\0\0\0\'.@Y8R@','POINT(15.3256 74.1527)'),(887,'\0\0\0\0\0\0\0X.@>R@','POINT(15.3141 74.1403)'),(888,'\0\0\0\0\0\0\0X.@HPR@','POINT(15.3141 74.1404)'),(889,'\0\0\0\0\0\0\0	c.@~jR@','POINT(15.3026 74.1365)'),(890,'\0\0\0\0\0\0\0B>.@TR@','POINT(15.3021 74.137)'),(891,'\0\0\0\0\0\0\0Ps.@=yXR@','POINT(15.2868 74.1304)'),(892,'\0\0\0\0\0\0\046<.@1ZR@','POINT(15.2866 74.1305)'),(893,'\0\0\0\0\0\0\0 o_.@rR@','POINT(15.2774 74.1206)'),(894,'\0\0\0\0\0\0\0\\C.@$(~R@','POINT(15.2773 74.1207)'),(895,'\0\0\0\0\0\0\0.@~R@','POINT(15.2824 73.9784)'),(896,'\0\0\0\0\0\0\0.@v~R@','POINT(15.2824 73.9785)'),(897,'\0\0\0\0\0\0\05;N-@	h\"lR@','POINT(14.8463 74.1316)'),(898,'\0\0\0\0\0\0\05;N-@#~jR@','POINT(14.8463 74.1315)'),(899,'\0\0\0\0\0\0\0R!-@1ZR@','POINT(14.8546 74.1305)'),(900,'\0\0\0\0\0\0\0R!-@6\Z[R@','POINT(14.8546 74.1306)'),(901,'\0\0\0\0\0\0\0V/-@+	R@','POINT(14.8656 74.1256)'),(902,'\0\0\0\0\0\0\0B`\"-@R@','POINT(14.8655 74.1254)'),(903,'\0\0\0\0\0\0\0C6-@;NR@','POINT(14.9262 74.0714)'),(904,'\0\0\0\0\0\0\0y)-@\r-R@','POINT(14.9261 74.0713)'),(905,'\0\0\0\0\0\0\01.@z6>W{R@','POINT(15.3578 73.9272)'),(906,'\0\0\0\0\0\0\06\Z.@`\"yR@','POINT(15.3752 73.904)'),(907,'\0\0\0\0\0\0\0>W[.@`\"yR@','POINT(15.3744 73.904)'),(908,'\0\0\0\0\0\0\0\\m.@p_yR@','POINT(15.3726 73.8922)'),(909,'\0\0\0\0\0\0\0X9v.@uyR@','POINT(15.372 73.8917)'),(910,'\0\0\0\0\0\0\0u.@&wR@','POINT(15.3849 73.8676)'),(911,'\0\0\0\0\0\0\0i\0o.@QwR@','POINT(15.3848 73.8675)'),(912,'\0\0\0\0\0\0\0fffff.@KwR@','POINT(15.3875 73.864)'),(913,'\0\0\0\0\0\0\0?.@OjMwR@','POINT(15.3872 73.8641)'),(914,'\0\0\0\0\0\0\0.@2%sR@','POINT(15.3998 73.8108)'),(915,'\0\0\0\0\0\0\0D.@#sR@','POINT(15.3964 73.8123)'),(916,'\0\0\0\0\0\0\0H1@ZR@','POINT(17.6787 75.3264)'),(917,'\0\0\0\0\0\0\0gj+.@BR@','POINT(15.4808 74.0197)'),(918,'\0\0\0\0\0\0\0_vO.@BR@','POINT(15.4807 74.0197)'),(919,'\0\0\0\0\0\0\0rh.@\rqR@','POINT(15.494 74.0134)'),(920,'\0\0\0\0\0\0\0=\np.@~k	R@','POINT(15.495 74.0162)'),(921,'\0\0\0\0\0\0\0,.@,R@','POINT(15.2639 74.1112)'),(922,'\0\0\0\0\0\0\0,.@1w-!R@','POINT(15.2639 74.1114)'),(923,'\0\0\0\0\0\0\0d`4.@JY8R@','POINT(15.1023 74.1597)'),(924,'\0\0\0\0\0\0\0d`4.@y):R@','POINT(15.1023 74.1598)'),(925,'\0\0\0\0\0\0\0?W[L.@F_R@','POINT(15.1499 74.1308)'),(926,'\0\0\0\0\0\0\0\"lxzL.@ec]R@','POINT(15.1497 74.1307)'),(927,'\0\0\0\0\0\0\0GzT.@xR@','POINT(15.165 74.108)'),(928,'\0\0\0\0\0\0\0d`T.@BfR@','POINT(15.1648 74.1079)'),(929,'\0\0\0\0\0\0\0>W[_.@V-R@','POINT(15.1869 74.0965)'),(930,'\0\0\0\0\0\0\09v_.@V-R@','POINT(15.187 74.0965)'),(931,'\0\0\0\0\0\0\0\0	j.@RR@','POINT(15.2071 74.0925)'),(932,'\0\0\0\0\0\0\0`vOj.@ER@','POINT(15.2072 74.093)'),(933,'\0\0\0\0\0\0\0J{/L.@rR@','POINT(15.3873 73.9992)'),(934,'\0\0\0\0\0\0\0.1.@[ AR@','POINT(15.3871 73.9991)'),(935,'\0\0\0\0\0\0\037.@-R@','POINT(15.3598 74.104)'),(936,'\0\0\0\0\0\0\00*.@-R@','POINT(15.3597 74.104)'),(937,'\0\0\0\0\0\0\0w\Z/.@\\ AcR@','POINT(15.3695 74.0686)'),(938,'\0\0\0\0\0\0\0H.!.@\\ AcR@','POINT(15.3694 74.0686)'),(939,'\0\0\0\0\0\0\0z.@gR@','POINT(15.3564 74.1237)'),(940,'\0\0\0\0\0\0\0-!l.@gR@','POINT(15.3563 74.1237)'),(941,'\0\0\0\0\0\0\0\'W.@oR@','POINT(15.3327 74.0905)'),(942,'\0\0\0\0\0\0\0LJ.@oR@','POINT(15.3326 74.0905)'),(943,'\0\0\0\0\0\0\0X5;.@zR@','POINT(15.2778 73.9209)'),(944,'\0\0\0\0\0\0\0Gz.@mzR@','POINT(15.2775 73.921)'),(945,'\0\0\0\0\0\0\0&.@BfzR@','POINT(15.2874 73.9204)'),(946,'\0\0\0\0\0\0\0HP.@xzR@','POINT(15.2873 73.9205)'),(947,'\0\0\0\0\0\0\0ZB>.@\0zR@','POINT(15.3006 73.9198)'),(948,'\0\0\0\0\0\0\0`\".@?zR@','POINT(15.3005 73.9199)'),(949,'\0\0\0\0\0\0\0/n.@q{R@','POINT(15.2612 73.9304)'),(950,'\0\0\0\0\0\0\0p=\n.@D~R@','POINT(15.32 73.9837)'),(951,'\0\0\0\0\0\0\0.@47~R@','POINT(15.3197 73.9839)'),(952,'\0\0\0\0\0\0\0|Y.@\nF%uR@','POINT(15.4792 74.0384)'),(953,'\0\0\0\0\0\0\0|Y.@\nh\"lxR@','POINT(15.4792 74.0386)'),(954,'\0\0\0\0\0\0\0F%u:/@\rO}R@','POINT(15.6133 73.9622)'),(955,'\0\0\0\0\0\0\0}Y9/@6<R}R@','POINT(15.6132 73.9623)'),(956,'\0\0\0\0\0\0\0}?5^I.@d;OR@','POINT(15.144 73.993)'),(957,'\0\0\0\0\0\0\0UN.@|?5^zR@','POINT(15.3131 73.912)'),(958,'\0\0\0\0\0\0\06\Z[.@|?5^zR@','POINT(15.3132 73.912)'),(959,'\0\0\0\0\0\0\0?.@TR\'R@','POINT(15.0083 74.0709)'),(960,'\0\0\0\0\0\0\01%.@TR\'R@','POINT(15.0081 74.0709)'),(961,'\0\0\0\0\0\0\0\0\0\0\0\0\0/@3.nR@','POINT(15.5 74.0536)'),(962,'\0\0\0\0\0\0\0\0\0\0\0\0\0/@8gDiR@','POINT(15.5 74.0533)'),(963,'\0\0\0\0\0\0\0o_.@YR@','POINT(15.4879 74.0446)'),(964,'\0\0\0\0\0\0\0D.@\0R@','POINT(15.4878 74.0448)'),(965,'\0\0\0\0\0\0\0u.@.1~R@','POINT(15.4338 73.9718)'),(966,'\0\0\0\0\0\0\0u.@3~R@','POINT(15.4338 73.9719)'),(967,'\0\0\0\0\0\0\0=yX.@sAR@','POINT(15.3913 73.9884)'),(968,'\0\0\0\0\0\0\0=yX.@sAR@','POINT(15.3913 73.9884)'),(969,'\0\0\0\0\0\0\0(.@xz,CR@','POINT(15.4007 74.0041)'),(970,'\0\0\0\0\0\0\0\"u\\.@sAR@','POINT(15.1814 73.9884)'),(971,'\0\0\0\0\0\0\0?\\.@sAR@','POINT(15.1812 73.9884)'),(972,'\0\0\0\0\0\0\0VM.@aTR\'}R@','POINT(15.1505 73.9629)'),(973,'\0\0\0\0\0\0\0w-!L.@aTR\'}R@','POINT(15.1503 73.9629)'),(974,'\0\0\0\0\0\0\0x$(~,.@^IR@','POINT(15.0869 74.172)'),(975,'\0\0\0\0\0\0\0?5^I,.@^IR@','POINT(15.0865 74.172)'),(976,'\0\0\0\0\0\0\09v?.@HPR@','POINT(15.1245 74.1404)'),(977,'\0\0\0\0\0\0\0):?.@ER@','POINT(15.1246 74.1405)'),(978,'\0\0\0\0\0\0\0Ac]-@{GR@','POINT(14.8972 74.1075)'),(979,'\0\0\0\0\0\0\0Ac]-@qR@','POINT(14.8972 74.1077)'),(980,'\0\0\0\0\0\0\0	g-@OeR@','POINT(14.8959 74.1177)'),(981,'\0\0\0\0\0\0\0{/L-@OeR@','POINT(14.8958 74.1177)'),(982,'\0\0\0\0\0\0\0\"~-@MbR@','POINT(14.8955 74.126)'),(983,'\0\0\0\0\0\0\0Ciq-@@R@','POINT(14.8954 74.1259)'),(984,'\0\0\0\0\0\0\0h\"lxz.@JY|R@','POINT(15.2607 73.9457)'),(985,'\0\0\0\0\0\0\0\\m.@JY|R@','POINT(15.2606 73.9457)'),(986,'\0\0\0\0\0\0\0[B>L.@c]KR@','POINT(15.1501 74.0046)'),(987,'\0\0\0\0\0\0\0[B>L.@?5^IR@','POINT(15.1501 74.0045)'),(988,'\0\0\0\0\0\0\0;p>.@0L\nF}R@','POINT(15.1227 73.9574)'),(989,'\0\0\0\0\0\0\0Bi>.@zG}R@','POINT(15.1219 73.9575)'),(990,'\0\0\0\0\0\0\0p@.@K4~R@','POINT(15.1267 73.9698)'),(991,'\0\0\0\0\0\0\0!u@.@s~R@','POINT(15.1259 73.9699)'),(992,'\0\0\0\0\0\0\0 Ac=.@ r|R@','POINT(15.1207 73.9445)'),(993,'\0\0\0\0\0\0\0H=.@MSt|R@','POINT(15.1206 73.9446)'),(994,'\0\0\0\0\0\0\0$(~9.@Q|R@','POINT(15.1124 73.9425)'),(995,'\0\0\0\0\0\0\0$(~9.@:M|R@','POINT(15.1124 73.9422)'),(996,'\0\0\0\0\0\0\0n.@=UR@','POINT(15.0352 73.9941)'),(997,'\0\0\0\0\0\0\0n.@=UR@','POINT(15.0352 73.9941)'),(998,'\0\0\0\0\0\0\06;N.@k	R@','POINT(15.0348 73.9942)'),(999,'\0\0\0\0\0\0\0L\nF%.@%CR@','POINT(15.0413 73.9885)'),(1000,'\0\0\0\0\0\0\0L\nF%.@c]FR@','POINT(15.0413 73.9887)'),(1001,'\0\0\0\0\0\0\0eX7.@Mb|R@','POINT(15.1076 73.9435)'),(1002,'\0\0\0\0\0\0\0I.!6.@F_|R@','POINT(15.1074 73.9433)'),(1003,'\0\0\0\0\0\0\06>W[1.@_|R@','POINT(15.0964 73.9468)'),(1004,'\0\0\0\0\0\0\0\Z[ A1.@1*|R@','POINT(15.0962 73.9466)'),(1005,'\0\0\0\0\0\0\0V-/.@bX9|R@','POINT(15.093 73.9485)'),(1006,'\0\0\0\0\0\0\0:#J{/.@bX9|R@','POINT(15.0928 73.9485)'),(1007,'\0\0\0\0\0\0\0H..@L\nF%}R@','POINT(15.0904 73.9554)'),(1008,'\0\0\0\0\0\0\0 o_..@H.!}R@','POINT(15.0899 73.9552)'),(1009,'\0\0\0\0\0\0\0[B>,.@!lV}R@','POINT(15.0876 73.9584)'),(1010,'\0\0\0\0\0\0\0?W[,.@!lV}R@','POINT(15.0874 73.9584)'),(1011,'\0\0\0\0\0\0\0i\0o%.@.!}R@','POINT(15.0723 73.9682)'),(1012,'\0\0\0\0\0\0\0e$.@gDio}R@','POINT(15.0722 73.9678)'),(1013,'\0\0\0\0\0\0\0S$.@X2~R@','POINT(15.0715 73.9796)'),(1014,'\0\0\0\0\0\0\0MSt$.@lV}~R@','POINT(15.0712 73.9794)'),(1015,'\0\0\0\0\0\0\00*.@48ER@','POINT(15.0412 73.9886)'),(1016,'\0\0\0\0\0\0\0\Z/$.@J|R@','POINT(15.262 73.9378)'),(1017,'\0\0\0\0\0\0\0.@J|R@','POINT(15.2619 73.9378)'),(1018,'\0\0\0\0\0\0\0gDio.@V{R@','POINT(15.2616 73.9363)'),(1019,'\0\0\0\0\0\0\0:p2.@.n|R@','POINT(15.0987 73.9376)'),(1020,'\0\0\0\0\0\0\0Q|a2.@.n|R@','POINT(15.0984 73.9376)'),(1021,'\0\0\0\0\0\0\0[/@M\rOoR@','POINT(15.8068 73.7392)'),(1022,'\0\0\0\0\0\0\0[/@{PoR@','POINT(15.8068 73.7393)'),(1023,'\0\0\0\0\0\0\0	c0@7d^R@','POINT(16.0562 73.4749)'),(1024,'\0\0\0\0\0\0\0t0@{G^R@','POINT(16.0578 73.4825)'),(1025,'\0\0\0\0\0\0\0?0@{G^R@','POINT(16.0576 73.4825)'),(1026,'\0\0\0\0\0\0\0	0@OjM_R@','POINT(16.0607 73.4891)'),(1027,'\0\0\0\0\0\0\0:#J{0@OjM_R@','POINT(16.0606 73.4891)'),(1028,'\0\0\0\0\0\0\0;p0@fc]bR@','POINT(16.0579 73.5447)'),(1029,'\0\0\0\0\0\0\0t0@fc]bR@','POINT(16.0578 73.5447)'),(1030,'\0\0\0\0\0\0\0JY0@fR@','POINT(16.0248 73.6019)'),(1031,'\0\0\0\0\0\0\06<R0@%fR@','POINT(16.0247 73.6018)'),(1032,'\0\0\0\0\0\0\0d]F0@F%ufR@','POINT(16.0313 73.5939)'),(1033,'\0\0\0\0\0\0\0#0@nfR@','POINT(16.0312 73.5941)'),(1034,'\0\0\0\0\0\0\0V//@lV}jR@','POINT(15.8031 73.6669)'),(1035,'\0\0\0\0\0\0\0V//@ jR@','POINT(15.8031 73.667)'),(1036,'\0\0\0\0\0\0\0gj+/@?hR@','POINT(15.8558 73.6331)'),(1037,'\0\0\0\0\0\0\0 rh0@_L`R@','POINT(16.0055 73.5013)'),(1038,'\0\0\0\0\0\0\0\"/@sR@','POINT(15.873 73.7981)'),(1039,'\0\0\0\0\0\0\0W[/@ssR@','POINT(15.8729 73.7982)'),(1040,'\0\0\0\0\0\0\0\\m/@XpR@','POINT(15.9351 73.7628)'),(1041,'\0\0\0\0\0\0\0Q/@XpR@','POINT(15.935 73.7628)'),(1042,'\0\0\0\0\0\0\0/$/@@pR@','POINT(15.9395 73.7509)'),(1043,'\0\0\0\0\0\0\0p/@uq\rpR@','POINT(15.9392 73.7508)'),(1044,'\0\0\0\0\0\0\0sF-@	R@','POINT(14.9511 74.0553)'),(1045,'\0\0\0\0\0\0\0fc]-@&R@','POINT(14.9509 74.0551)'),(1046,'\0\0\0\0\0\0\0n4@B.@<R!R@','POINT(15.1294 74.0333)'),(1047,'\0\0\0\0\0\0\0RI&B.@+eR@','POINT(15.1292 74.0328)'),(1048,'\0\0\0\0\0\0\0gj+6.@tR@','POINT(15.1058 74.0315)'),(1049,'\0\0\0\0\0\0\0_vO6.@\\CR@','POINT(15.1057 74.0309)'),(1050,'\0\0\0\0\0\0\0S.@St$R@','POINT(15.259 73.9936)'),(1051,'\0\0\0\0\0\0\0-!l.@>W[R@','POINT(15.4188 74.0577)'),(1052,'\0\0\0\0\0\0\0_.@R@','POINT(15.4187 74.0576)'),(1053,'\0\0\0\0\0\0\06<R.@p=\nR@','POINT(15.4186 74.06)'),(1054,'\0\0\0\0\0\0\0JY8.@AfR@','POINT(15.4184 74.0599)'),(1055,'\0\0\0\0\0\0\0q.@J+R@','POINT(15.3993 74.102)'),(1056,'\0\0\0\0\0\0\0#J{/.@lV}R@','POINT(15.3988 74.1014)'),(1057,'\0\0\0\0\0\0\0x&.@=UR@','POINT(15.0335 74.1191)'),(1058,'\0\0\0\0\0\0\0x&.@kwR@','POINT(15.0335 74.1193)'),(1059,'\0\0\0\0\0\0\0aTR\'	.@-!lR@','POINT(15.0188 74.1004)'),(1060,'\0\0\0\0\0\0\0	.@|PkR@','POINT(15.0178 74.1003)'),(1061,'\0\0\0\0\0\0\0_vO.@h\0oR@','POINT(15.0432 74.1329)'),(1062,'\0\0\0\0\0\0\0gs.@?5^IR@','POINT(15.0419 74.1295)'),(1063,'\0\0\0\0\0\0\0Gz-@\Z/$R@','POINT(14.965 74.096)'),(1064,'\0\0\0\0\0\0\0Gz-@9#R@','POINT(14.965 74.0959)'),(1065,'\0\0\0\0\0\0\0{P-@6\ZR@','POINT(14.9596 74.1211)'),(1066,'\0\0\0\0\0\0\07.@1w-!R@','POINT(15.4468 74.1739)'),(1067,'\0\0\0\0\0\0\0*.@l	gR@','POINT(15.3317 73.9907)'),(1068,'\0\0\0\0\0\0\0*.@fjR@','POINT(15.3317 73.9909)'),(1069,'\0\0\0\0\0\0\00*.@FxR@','POINT(15.3597 74.0007)'),(1070,'\0\0\0\0\0\0\037.@uq\rR@','POINT(15.3598 74.0008)'),(1071,'\0\0\0\0\0\0\0m{.@.nR@','POINT(15.4111 74.0256)'),(1072,'\0\0\0\0\0\0\0]K.@cZB>R@','POINT(15.4942 74.0038)'),(1073,'\0\0\0\0\0\0\046<.@:MR@','POINT(15.4946 74.0047)'),(1074,'\0\0\0\0\0\0\0/L\n.@_R@','POINT(15.4493 74.0093)'),(1075,'\0\0\0\0\0\0\0/L\n.@_R@','POINT(15.4493 74.0093)'),(1076,'\0\0\0\0\0\0\0On.@EGrR@','POINT(15.4735 74.0166)'),(1077,'\0\0\0\0\0\0\048.@,eX{R@','POINT(15.2602 73.9273)'),(1078,'\0\0\0\0\0\0\048.@,eX{R@','POINT(15.2602 73.9273)'),(1079,'\0\0\0\0\0\0\0p=\n.@jMzR@','POINT(15.2575 73.9211)'),(1080,'\0\0\0\0\0\0\0Z.@jMzR@','POINT(15.2573 73.9211)'),(1081,'\0\0\0\0\0\0\0H._.@3|R@','POINT(15.1859 73.9474)'),(1082,'\0\0\0\0\0\0\01w-!_.@3|R@','POINT(15.1858 73.9474)'),(1083,'\0\0\0\0\0\0\0u.@F%uzR@','POINT(15.3224 73.9064)'),(1084,'\0\0\0\0\0\0\0i\0o.@F%uzR@','POINT(15.3223 73.9064)'),(1085,'\0\0\0\0\0\0\03.@8EGrR@','POINT(15.2903 74.0226)'),(1086,'\0\0\0\0\0\0\01*.@8EGrR@','POINT(15.2902 74.0226)'),(1087,'\0\0\0\0\0\0\0_L.@|?5R@','POINT(15.2916 74.0345)'),(1088,'\0\0\0\0\0\0\0h|?.@|?5R@','POINT(15.2915 74.0345)'),(1089,'\0\0\0\0\0\0\0jMS.@R@','POINT(15.2897 74.0587)'),(1090,'\0\0\0\0\0\0\0jMS.@R@','POINT(15.2897 74.0587)'),(1091,'\0\0\0\0\0\0\0\0b.@fc]R@','POINT(15.1931 74.1072)'),(1092,'\0\0\0\0\0\0\04@b.@fc]R@','POINT(15.1924 74.1072)'),(1093,'\0\0\0\0\0\0\01E.@|R@','POINT(15.1361 74.1326)'),(1094,'\0\0\0\0\0\0\01E.@c=yR@','POINT(15.1361 74.1324)'),(1095,'\0\0\0\0\0\0\0>W[.@9#JR@','POINT(15.3119 73.9889)'),(1096,'\0\0\0\0\0\0\0St$.@M\rOR@','POINT(15.3117 73.9892)'),(1097,'\0\0\0\0\0\0\0O@a.@(\\~R@','POINT(15.2886 73.9775)'),(1098,'\0\0\0\0\0\0\0E.@_L~R@','POINT(15.2885 73.9773)'),(1099,'\0\0\0\0\0\0\0!rh.@h\0R@','POINT(15.2765 73.9844)'),(1100,'\0\0\0\0\0\0\0!rh.@h\0R@','POINT(15.2765 73.9844)'),(1101,'\0\0\0\0\0\0\0Yz.@eaR@','POINT(15.2397 74.0216)'),(1102,'\0\0\0\0\0\0\0S.@<,R@','POINT(15.2615 74.0442)'),(1103,'\0\0\0\0\0\0\0S.@R@','POINT(15.2615 74.0443)'),(1104,'\0\0\0\0\0\0\08d.@?R@','POINT(15.2513 74.0351)'),(1105,'\0\0\0\0\0\0\0QI.@n4@R@','POINT(15.2512 74.0352)'),(1106,'\0\0\0\0\0\0\0[ A.@&R@','POINT(15.2577 74.0551)'),(1107,'\0\0\0\0\0\0\0[ A.@&R@','POINT(15.2577 74.0551)'),(1108,'\0\0\0\0\0\0\0Z.@@aR@','POINT(15.2573 74.0598)'),(1109,'\0\0\0\0\0\0\0a+.@VR@','POINT(15.2601 74.0678)'),(1110,'\0\0\0\0\0\0\0Q.@VR@','POINT(15.26 74.0678)'),(1111,'\0\0\0\0\0\0\0-.@ZB>R@','POINT(15.263 74.0923)'),(1112,'\0\0\0\0\0\0\0-.@ZB>R@','POINT(15.263 74.0923)'),(1113,'\0\0\0\0\0\0\0.@+eR@','POINT(15.2608 74.0953)'),(1114,'\0\0\0\0\0\0\0\rO.@uR@','POINT(15.2609 74.0954)'),(1115,'\0\0\0\0\0\0\0:M.@46<R@','POINT(15.2584 74.1053)'),(1116,'\0\0\0\0\0\0\0[ A.@R@','POINT(15.2577 74.1106)'),(1117,'\0\0\0\0\0\0\0Fx.@PnR@','POINT(15.2579 74.1105)'),(1118,'\0\0\0\0\0\0\0?W[.@R@','POINT(15.4624 74.0311)'),(1119,'\0\0\0\0\0\0\0?W[.@Y\0R@','POINT(15.4624 74.0313)'),(1120,'\0\0\0\0\0\0\06<R.@|a2U|R@','POINT(15.4186 73.9427)'),(1121,'\0\0\0\0\0\0\0JY8.@|a2U|R@','POINT(15.4184 73.9427)'),(1122,'\0\0\0\0\0\0\07d.@R@','POINT(15.3953 74.0246)'),(1123,'\0\0\0\0\0\0\0\np=.@K=R@','POINT(15.395 74.0251)'),(1124,'\0\0\0\0\0\0\0QI.@=,R@','POINT(15.3877 74.0297)'),(1125,'\0\0\0\0\0\0\0fffff.@\'R@','POINT(15.3875 74.0294)'),(1126,'\0\0\0\0\0\0\0Cl.@W[R@','POINT(15.3895 74.0457)'),(1127,'\0\0\0\0\0\0\0x$(~.@<,~R@','POINT(15.3994 73.9817)'),(1128,'\0\0\0\0\0\0\0x$(~.@<,~R@','POINT(15.3994 73.9817)'),(1129,'\0\0\0\0\0\0\0.@46<}R@','POINT(15.4054 73.9568)'),(1130,'\0\0\0\0\0\0\0sA.@b=}R@','POINT(15.4048 73.9569)'),(1131,'\0\0\0\0\0\0\0\0o.@Dio}R@','POINT(15.4058 73.9613)'),(1132,'\0\0\0\0\0\0\0V-.@Dio}R@','POINT(15.4055 73.9613)'),(1133,'\0\0\0\0\0\0\0V.@M~R@','POINT(15.4005 73.9735)'),(1134,'\0\0\0\0\0\0\0:.@M~R@','POINT(15.4004 73.9735)'),(1135,'\0\0\0\0\0\0\0.@X2~R@','POINT(15.4063 73.9796)'),(1136,'\0\0\0\0\0\0\0.@X2~R@','POINT(15.4063 73.9796)'),(1137,'\0\0\0\0\0\0\0.@~~R@','POINT(15.4074 73.9841)'),(1138,'\0\0\0\0\0\0\0.@\"~R@','POINT(15.4074 73.984)'),(1139,'\0\0\0\0\0\0\0x&1.@-zR@','POINT(15.391 73.9165)'),(1140,'\0\0\0\0\0\0\0cZB>.@-zR@','POINT(15.3911 73.9165)'),(1141,'\0\0\0\0\0\0\0.@ r|R@','POINT(15.2658 73.9445)'),(1142,'\0\0\0\0\0\0\0+	.@ r|R@','POINT(15.2657 73.9445)'),(1143,'\0\0\0\0\0\0\0?.@#~j|R@','POINT(15.2622 73.944)'),(1144,'\0\0\0\0\0\0\0.1.@#~j|R@','POINT(15.2621 73.944)'),(1145,'\0\0\0\0\0\0\0=U.@R@','POINT(15.4017 74.0141)'),(1146,'\0\0\0\0\0\0\0=U.@7A`R@','POINT(15.4017 74.014)'),(1147,'\0\0\0\0\0\0\0Y\0.@BR@','POINT(15.3086 74.0262)'),(1148,'\0\0\0\0\0\0\0v.@R\'R@','POINT(15.3079 74.0264)'),(1149,'\0\0\0\0\0\0\0v.@\\ Ac|R@','POINT(15.2319 73.9436)'),(1150,'\0\0\0\0\0\0\0fav.@Mb|R@','POINT(15.2317 73.9435)'),(1151,'\0\0\0\0\0\0\0OjM3/@HPoR@','POINT(15.6002 73.7359)'),(1152,'\0\0\0\0\0\0\0@.@DyR@','POINT(15.3279 73.9024)'),(1153,'\0\0\0\0\0\0\0@.@(\\yR@','POINT(15.3279 73.9025)'),(1154,'\0\0\0\0\0\0\0|.@K7yR@','POINT(15.3447 73.899)'),(1155,'\0\0\0\0\0\0\0TR\'.@yR@','POINT(15.3448 73.8989)'),(1156,'\0\0\0\0\0\0\0m.@7A`xR@','POINT(15.3495 73.889)'),(1157,'\0\0\0\0\0\0\0m.@7A`xR@','POINT(15.3495 73.889)'),(1158,'\0\0\0\0\0\0\0x#.@6\Z{R@','POINT(15.3061 73.9336)'),(1159,'\0\0\0\0\0\0\0H}.@|{R@','POINT(15.3076 73.9346)'),(1160,'\0\0\0\0\0\0\0\\C.@z6R@','POINT(15.3638 74.1752)'),(1161,'\0\0\0\0\0\0\0\'1.@H}8R@','POINT(15.3635 74.1753)'),(1162,'\0\0\0\0\0\0\0h\0o.@oR@','POINT(15.4403 74.3037)'),(1163,'\0\0\0\0\0\0\0h\0o.@oR@','POINT(15.4403 74.3037)'),(1164,'\0\0\0\0\0\0\0A.@gj+R@','POINT(15.4289 74.2839)'),(1165,'\0\0\0\0\0\0\0q.@gj+R@','POINT(15.4288 74.2839)'),(1166,'\0\0\0\0\0\0\0h\0o.@R@','POINT(15.4463 74.4022)'),(1167,'\0\0\0\0\0\0\0MSt.@HR@','POINT(15.4462 74.4023)'),(1168,'\0\0\0\0\0\0\0\r-.@HPsR@','POINT(15.4231 74.4914)'),(1169,'\0\0\0\0\0\0\0jt.@HPsR@','POINT(15.423 74.4914)'),(1170,'\0\0\0\0\0\0\0jt.@eXR@','POINT(15.4455 74.4858)'),(1171,'\0\0\0\0\0\0\0jt.@HPR@','POINT(15.4455 74.4859)'),(1172,'\0\0\0\0\0\0\0OjM/@oR@','POINT(15.5377 74.4912)'),(1173,'\0\0\0\0\0\0\0N@/@!uqR@','POINT(15.5376 74.4913)'),(1174,'\0\0\0\0\0\0\0DioI/@HR@','POINT(15.6436 74.5044)'),(1175,'\0\0\0\0\0\0\0Ps/@	h\"lR@','POINT(15.8493 74.5066)'),(1176,'\0\0\0\0\0\0\0Ps/@qR@','POINT(15.8493 74.5069)'),(1177,'\0\0\0\0\0\0\0/@PkwR@','POINT(15.8589 74.5073)'),(1178,'\0\0\0\0\0\0\0&/@c=yR@','POINT(15.8587 74.5074)'),(1179,'\0\0\0\0\0\0\0|?5^/@h\0oR@','POINT(15.864 74.5079)'),(1180,'\0\0\0\0\0\0\0Q/@\r-R@','POINT(15.8669 74.5098)'),(1181,'\0\0\0\0\0\0\0ec]/@(\rR@','POINT(15.8679 74.5116)'),(1182,'\0\0\0\0\0\0\0@/@aR@','POINT(15.8673 74.5131)'),(1183,'\0\0\0\0\0\0\0q/@46<R@','POINT(15.8663 74.5193)'),(1184,'\0\0\0\0\0\0\0o_/@.nR@','POINT(15.8629 74.5256)'),(1185,'\0\0\0\0\0\0\0Bm.@|?5^R@','POINT(15.2134 74.037)'),(1186,'\0\0\0\0\0\0\0F_x.@R@','POINT(15.2351 73.9851)'),(1187,'\0\0\0\0\0\0\0F_x.@R@','POINT(15.2351 73.9851)'),(1188,'\0\0\0\0\0\0\0eXw.@z):R@','POINT(15.2326 73.9933)'),(1189,'\0\0\0\0\0\0\0\'-@~:pR@','POINT(14.9568 74.1006)'),(1190,'\0\0\0\0\0\0\0\'-@OnR@','POINT(14.9568 74.1005)'),(1191,'\0\0\0\0\0\0\0z):-@9#R@','POINT(14.9601 74.0959)'),(1192,'\0\0\0\0\0\0\0]Fx-@\Z/$R@','POINT(14.9599 74.096)'),(1193,'\0\0\0\0\0\0\0y-@PsR@','POINT(14.9566 74.1069)'),(1194,'\0\0\0\0\0\0\0}?5^-@PsR@','POINT(14.9565 74.1069)'),(1195,'\0\0\0\0\0\0\0Pkw-@x&1R@','POINT(14.8056 74.128)'),(1196,'\0\0\0\0\0\0\0#t-@gj+R@','POINT(14.7276 74.2839)'),(1197,'\0\0\0\0\0\0\0nR-@k	R@','POINT(14.6602 74.3067)'),(1198,'\0\0\0\0\0\0\0m4-@qR@','POINT(14.5459 74.3194)'),(1199,'\0\0\0\0\0\0\0m4-@8gDioR@','POINT(14.5459 74.3193)'),(1200,'\0\0\0\0\0\0\0(\r~/@\"uqyR@','POINT(15.7462 73.8923)'),(1201,'\0\0\0\0\0\0\0!u`/@	hzR@','POINT(15.6884 73.9126)'),(1202,'\0\0\0\0\0\0\0^)G/@$(~yR@','POINT(15.6388 73.8992)'),(1203,'\0\0\0\0\0\0\0^)G/@$(~yR@','POINT(15.6388 73.8992)'),(1204,'\0\0\0\0\0\0\01/@!lVyR@','POINT(15.5967 73.8959)'),(1205,'\0\0\0\0\0\0\0S!u1/@|YyR@','POINT(15.5966 73.8961)'),(1206,'\0\0\0\0\0\0\0%/@[tR@','POINT(15.5735 73.8222)'),(1207,'\0\0\0\0\0\0\0)/@ZtR@','POINT(15.5819 73.8254)'),(1208,'\0\0\0\0\0\0\0)/@ZtR@','POINT(15.5819 73.8254)'),(1209,'\0\0\0\0\0\0\047\"/@V-rR@','POINT(15.5683 73.784)'),(1210,'\0\0\0\0\0\0\0,C\"/@2.rR@','POINT(15.5682 73.7841)'),(1211,'\0\0\0\0\0\0\0fj0@J4uR@','POINT(16.5446 73.8313)'),(1212,'\0\0\0\0\0\0\0V-.@3.nR@','POINT(15.4105 74.0536)'),(1213,'\0\0\0\0\0\0\0.@3.nR@','POINT(15.4104 74.0536)'),(1214,'\0\0\0\0\0\0\0Q/@9R@','POINT(15.5475 73.9879)'),(1215,'\0\0\0\0\0\0\0j+/@48ER@','POINT(15.5468 73.9886)'),(1216,'\0\0\0\0\0\0\0@/@MJ|R@','POINT(15.5548 73.9518)'),(1217,'\0\0\0\0\0\0\0Z.@0*yR@','POINT(15.4783 73.8921)'),(1218,'\0\0\0\0\0\0\0Z.@p_yR@','POINT(15.4783 73.8922)'),(1219,'\0\0\0\0\0\0\0c]F.@<R!R@','POINT(15.0064 74.0333)'),(1220,'\0\0\0\0\0\0\09.@<R!R@','POINT(15.0063 74.0333)'),(1221,'\0\0\0\0\0\0\0A.@(~kR@','POINT(15.0133 74.0222)'),(1222,'\0\0\0\0\0\0\0\'.@\\mR@','POINT(15.0131 74.0223)'),(1223,'\0\0\0\0\0\0\0sFT.@gDio}R@','POINT(15.1646 73.9678)'),(1224,'\0\0\0\0\0\0\0NbX9T.@gDio}R@','POINT(15.1645 73.9678)'),(1225,'\0\0\0\0\0\0\0Bi^.@R@','POINT(15.1844 74.0086)'),(1226,'\0\0\0\0\0\0\0x$(^.@R@','POINT(15.1839 74.0086)'),(1227,'\0\0\0\0\0\0\0J{/L.@Dio}R@','POINT(15.3873 73.9613)'),(1228,'\0\0\0\0\0\0\0I+.@\"~R@','POINT(15.389 73.984)'),(1229,'\0\0\0\0\0\0\0^).@~~R@','POINT(15.3888 73.9841)'),(1230,'\0\0\0\0\0\0\0d;OW/@uR@','POINT(15.671 73.8436)'),(1231,'\0\0\0\0\0\0\0d;OW/@H.uR@','POINT(15.671 73.8437)'),(1232,'\0\0\0\0\0\0\0.@H}8R@','POINT(15.4056 74.1753)'),(1233,'\0\0\0\0\0\0\0V-.@a4R@','POINT(15.4055 74.1751)'),(1234,'\0\0\0\0\0\0\0\np=.@{P{R@','POINT(15.395 73.9268)'),(1235,'\0\0\0\0\0\0\0|a2U0.@{P{R@','POINT(15.3949 73.9268)'),(1236,'\0\0\0\0\0\0\0Z/@{R@','POINT(15.5408 73.9231)'),(1237,'\0\0\0\0\0\0\0a/@s{R@','POINT(15.5407 73.9232)'),(1238,'\0\0\0\0\0\0\0Q/@+wR@','POINT(15.5549 73.8684)'),(1239,'\0\0\0\0\0\0\0Q/@$wR@','POINT(15.5549 73.8685)'),(1240,'\0\0\0\0\0\0\0Gr.@[tR@','POINT(15.4842 73.8222)'),(1241,'\0\0\0\0\0\0\0Gr.@[tR@','POINT(15.4842 73.8222)'),(1242,'\0\0\0\0\0\0\0p=\n.@uR@','POINT(15.4825 73.8289)'),(1243,'\0\0\0\0\0\0\0p=\n.@uR@','POINT(15.4825 73.8289)'),(1244,'\0\0\0\0\0\0\01.@\"uquR@','POINT(15.4828 73.8298)'),(1245,'\0\0\0\0\0\0\0St$.@uR@','POINT(15.4827 73.8299)'),(1246,'\0\0\0\0\0\0\0Gz.@sR@','POINT(15.4775 73.812)'),(1247,'\0\0\0\0\0\0\0Gz.@#sR@','POINT(15.4775 73.8123)'),(1248,'\0\0\0\0\0\0\0\0	*/@*uR@','POINT(15.5821 73.8411)'),(1249,'\0\0\0\0\0\0\0Dl)/@KY8uR@','POINT(15.582 73.8412)'),(1250,'\0\0\0\0\0\0\0I.!.@QsR@','POINT(15.4824 73.8102)'),(1251,'\0\0\0\0\0\0\0.@VsR@','POINT(15.4821 73.8101)'),(1252,'\0\0\0\0\0\0\0.@ssR@','POINT(15.4803 73.8122)'),(1253,'\0\0\0\0\0\0\0.!.@ssR@','POINT(15.4804 73.8122)'),(1254,'\0\0\0\0\0\0\0&1/@a+euR@','POINT(15.556 73.8343)'),(1255,'\0\0\0\0\0\0\0</@|YuR@','POINT(15.5239 73.8336)'),(1256,'\0\0\0\0\0\0\0</@6>W[uR@','POINT(15.5239 73.8337)'),(1257,'\0\0\0\0\0\0\01w-/@\0\0\0\0\0xR@','POINT(15.5888 73.875)'),(1258,'\0\0\0\0\0\0\01w-/@N\\wR@','POINT(15.5888 73.8749)'),(1259,'\0\0\0\0\0\0\0B-/@H}xR@','POINT(15.5884 73.8768)'),(1260,'\0\0\0\0\0\0\0aT/@BuR@','POINT(15.6657 73.8387)'),(1261,'\0\0\0\0\0\0\07dj/@EGruR@','POINT(15.7078 73.8291)'),(1262,'\0\0\0\0\0\0\0\'Wj/@EGruR@','POINT(15.7077 73.8291)'),(1263,'\0\0\0\0\0\0\0)x/@(uR@','POINT(15.7358 73.8306)'),(1264,'\0\0\0\0\0\0\0ZB>Y/@GzrR@','POINT(15.6756 73.7825)'),(1265,'\0\0\0\0\0\0\0`\"Y/@`vOrR@','POINT(15.6755 73.7826)'),(1266,'\0\0\0\0\0\0\0[</@DnR@','POINT(15.6184 73.7337)'),(1267,'\0\0\0\0\0\0\0;N</@sFnR@','POINT(15.6183 73.7338)'),(1268,'\0\0\0\0\0\0\0_v/@|?5nR@','POINT(15.7312 73.722)'),(1269,'\0\0\0\0\0\0\0_v/@C6nR@','POINT(15.7312 73.7221)'),(1270,'\0\0\0\0\0\0\0:#J{//@J+R@','POINT(15.5928 74.0395)'),(1271,'\0\0\0\0\0\0\0_v//@:pR@','POINT(15.5927 74.0396)'),(1272,'\0\0\0\0\0\0\08m4/@:#J{R@','POINT(15.6024 74.0549)'),(1273,'\0\0\0\0\0\0\0sF4/@QR@','POINT(15.6021 74.055)'),(1274,'\0\0\0\0\0\0\07/@6\ZR@','POINT(15.6091 74.0641)'),(1275,'\0\0\0\0\0\0\0+7/@QR@','POINT(15.609 74.0642)'),(1276,'\0\0\0\0\0\0\0/$A/@sFR@','POINT(15.627 74.1293)'),(1277,'\0\0\0\0\0\0\07\Z[ A/@HR@','POINT(15.6272 74.1294)'),(1278,'\0\0\0\0\0\0\09#J/@7A`R@','POINT(15.6448 74.0765)'),(1279,'\0\0\0\0\0\0\09#J/@R@','POINT(15.6448 74.0766)'),(1280,'\0\0\0\0\0\0\0t$>/@`TR\'R@','POINT(15.6222 74.0649)'),(1281,'\0\0\0\0\0\0\0t$>/@\\(R@','POINT(15.6222 74.065)'),(1282,'\0\0\0\0\0\0\0F%u.@TR\'R@','POINT(15.4883 74.1334)'),(1283,'\0\0\0\0\0\0\0o_.@TR\'R@','POINT(15.4879 74.1334)'),(1284,'\0\0\0\0\0\0\0PnC/@oTR@','POINT(15.631 74.1458)'),(1285,'\0\0\0\0\0\0\0,CB/@\\R@','POINT(15.6307 74.1463)'),(1286,'\0\0\0\0\0\0\0fa.@q\r-R@','POINT(15.4817 74.1278)'),(1287,'\0\0\0\0\0\0\0_vO.@?R@','POINT(15.4807 74.1289)'),(1288,'\0\0\0\0\0\0\0K/@@R@','POINT(15.6482 74.0009)'),(1289,'\0\0\0\0\0\0\0eD/@1R@','POINT(15.6347 73.9874)'),(1290,'\0\0\0\0\0\0\0i\0oE/@H}8R@','POINT(15.6348 73.9878)'),(1291,'\0\0\0\0\0\0\0Af5/@R@','POINT(15.6043 74.0734)'),(1292,'\0\0\0\0\0\0\0Af5/@R@','POINT(15.6043 74.0734)'),(1293,'\0\0\0\0\0\0\0=,/@fazR@','POINT(15.5584 73.9161)'),(1294,'\0\0\0\0\0\0\0Gr7/@=U{R@','POINT(15.6092 73.9316)'),(1295,'\0\0\0\0\0\0\0Gr7/@=U{R@','POINT(15.6092 73.9316)'),(1296,'\0\0\0\0\0\0\0|Pk\Z/@~k	yR@','POINT(15.5516 73.8912)'),(1297,'\0\0\0\0\0\0\0|?5^\Z/@]KyR@','POINT(15.5515 73.8911)'),(1298,'\0\0\0\0\0\0\0!lV/@d`TzR@','POINT(15.5573 73.9114)'),(1299,'\0\0\0\0\0\0\0QI/@d`TzR@','POINT(15.5572 73.9114)'),(1300,'\0\0\0\0\0\0\0/@Zd;R@','POINT(15.5117 74.1755)'),(1301,'\0\0\0\0\0\0\0/@N@R@','POINT(15.511 74.1758)'),(1302,'\0\0\0\0\0\0\0F%u/@R@','POINT(15.5168 74.2017)'),(1303,'\0\0\0\0\0\0\0*:/@R@','POINT(15.5166 74.2016)'),(1304,'\0\0\0\0\0\0\0Oe/@\\CR@','POINT(15.5069 74.2184)'),(1305,'\0\0\0\0\0\0\03.n/@-R@','POINT(15.5067 74.2183)'),(1306,'\0\0\0\0\0\0\09#/@	hR@','POINT(15.5688 74.1626)'),(1307,'\0\0\0\0\0\0\09#/@BiR@','POINT(15.5688 74.1627)'),(1308,'\0\0\0\0\0\0\0v\Z//@|?5^R@','POINT(15.592 74.162)'),(1309,'\0\0\0\0\0\0\0v\Z//@|?5^R@','POINT(15.592 74.162)'),(1310,'\0\0\0\0\0\0\0l	g3/@?R@','POINT(15.6004 74.1699)'),(1311,'\0\0\0\0\0\0\0q2/@-CR@','POINT(15.5994 74.1701)'),(1312,'\0\0\0\0\0\0\0C /@zGR@','POINT(15.5643 74.145)'),(1313,'\0\0\0\0\0\0\0C /@QIR@','POINT(15.5643 74.1451)'),(1314,'\0\0\0\0\0\0\0Cl;/@\nF%u~R@','POINT(15.617 73.9759)'),(1315,'\0\0\0\0\0\0\0$;/@\nF%u~R@','POINT(15.6171 73.9759)'),(1316,'\0\0\0\0\0\0\0S:.@>R@','POINT(15.4399 74.1403)'),(1317,'\0\0\0\0\0\0\01w-.@k	R@','POINT(15.4398 74.1402)'),(1318,'\0\0\0\0\0\0\07\Z[ A/@!rhR@','POINT(15.6272 74.0245)'),(1319,'\0\0\0\0\0\0\0X@/@\rOR@','POINT(15.6266 74.0247)'),(1320,'\0\0\0\0\0\0\0xz,C/@+R@','POINT(15.5552 74.142)'),(1321,'\0\0\0\0\0\0\0xz,C/@QR@','POINT(15.5552 74.1425)'),(1322,'\0\0\0\0\0\0\0>/@MR@','POINT(15.6223 74.161)'),(1323,'\0\0\0\0\0\0\0>/@_vOR@','POINT(15.6223 74.1611)'),(1324,'\0\0\0\0\0\0\0V/.@hsR@','POINT(15.4906 74.0892)'),(1325,'\0\0\0\0\0\0\0DP/@Zd;OR@','POINT(15.6579 74.1455)'),(1326,'\0\0\0\0\0\0\0DP/@_LR@','POINT(15.6579 74.1453)'),(1327,'\0\0\0\0\0\0\0St$W/@eXR@','POINT(15.6702 74.1733)'),(1328,'\0\0\0\0\0\0\00L\nF/@1{R@','POINT(15.7603 73.9249)'),(1329,'\0\0\0\0\0\0\0Q/@33333{R@','POINT(15.76 73.925)'),(1330,'\0\0\0\0\0\0\0=yX/@\\mzR@','POINT(15.7923 73.9183)'),(1331,'\0\0\0\0\0\0\0hs/@\\mzR@','POINT(15.7924 73.9183)'),(1332,'\0\0\0\0\0\0\06\Z[`/@a+}R@','POINT(15.6882 73.9558)'),(1333,'\0\0\0\0\0\0\0\nF%ub/@_v{R@','POINT(15.6923 73.9291)'),(1334,'\0\0\0\0\0\0\05^Ib/@Q{R@','POINT(15.6915 73.93)'),(1335,'\0\0\0\0\0\0\0Bi~/@jMrR@','POINT(15.7469 73.7961)'),(1336,'\0\0\0\0\0\0\0Bi~/@47rR@','POINT(15.7469 73.7964)'),(1337,'\0\0\0\0\0\0\0K7/@?tR@','POINT(15.768 73.8236)'),(1338,'\0\0\0\0\0\0\0a2U0*/@m4tR@','POINT(15.7679 73.8237)'),(1339,'\0\0\0\0\0\0\0-/@@tR@','POINT(15.7851 73.8247)'),(1340,'\0\0\0\0\0\0\0W2/@tR@','POINT(15.7847 73.825)'),(1341,'\0\0\0\0\0\0\0B`\"/@#tR@','POINT(15.803 73.8208)'),(1342,'\0\0\0\0\0\0\0s/@TR\'tR@','POINT(15.8029 73.8209)'),(1343,'\0\0\0\0\0\0\0$/@LJvR@','POINT(15.8195 73.8483)'),(1344,'\0\0\0\0\0\0\0	/@J{/LvR@','POINT(15.8186 73.8484)'),(1345,'\0\0\0\0\0\0\0#J{/,/@hsR@','POINT(15.5863 74.0267)'),(1346,'\0\0\0\0\0\0\0h\"lxze/@sR@','POINT(15.6982 74.2199)'),(1347,'\0\0\0\0\0\0\00L\nFe/@sR@','POINT(15.6978 74.2199)'),(1348,'\0\0\0\0\0\0\0oa/@ZR@','POINT(15.691 74.2639)'),(1349,'\0\0\0\0\0\0\06<Ra/@\"uR@','POINT(15.6906 74.2637)'),(1350,'\0\0\0\0\0\0\09v_/@B`\"R@','POINT(15.687 74.299)'),(1351,'\0\0\0\0\0\0\0sh|_/@&R@','POINT(15.6865 74.2992)'),(1352,'\0\0\0\0\0\0\0,Cb/@eR@','POINT(15.6932 74.3656)'),(1353,'\0\0\0\0\0\0\0(\\b/@oR@','POINT(15.6925 74.3662)'),(1354,'\0\0\0\0\0\0\0K/@m{R@','POINT(15.7955 74.4763)'),(1355,'\0\0\0\0\0\0\0/@QIR@','POINT(15.7948 74.4766)'),(1356,'\0\0\0\0\0\0\0-a0@U0*lR@','POINT(16.3827 73.6887)'),(1357,'\0\0\0\0\0\0\0H.a0@jtlR@','POINT(16.3828 73.689)'),(1358,'\0\0\0\0\0\0\0:pr0@LJjR@','POINT(16.4474 73.6608)'),(1359,'\0\0\0\0\0\0\0m{r0@6<RjR@','POINT(16.4472 73.6613)'),(1360,'\0\0\0\0\0\0\0sA0@oR@','POINT(16.4971 73.7462)'),(1361,'\0\0\0\0\0\0\0r0@(\\R@','POINT(16.6873 73.99)'),(1362,'\0\0\0\0\0\0\00@8gDiR@','POINT(16.6858 73.9908)'),(1363,'\0\0\0\0\0\0\0.!0@HPsR@','POINT(16.7108 74.0539)'),(1364,'\0\0\0\0\0\0\0KY80@!uqR@','POINT(16.7103 74.0538)'),(1365,'\0\0\0\0\0\0\0?n/@p_}R@','POINT(15.7163 73.9547)'),(1366,'\0\0\0\0\0\0\0Tn/@p_}R@','POINT(15.7161 73.9547)'),(1367,'\0\0\0\0\0\0\0/@~8gDyR@','POINT(15.8199 73.8948)'),(1368,'\0\0\0\0\0\0\0[ A/@0L\nFyR@','POINT(15.8202 73.8949)'),(1369,'\0\0\0\0\0\0\00L\nFe/@R@','POINT(15.6978 73.9965)'),(1370,'\0\0\0\0\0\0\0a+e/@R@','POINT(15.6976 73.9965)'),(1371,'\0\0\0\0\0\0\0h/@3R@','POINT(15.7044 74.0099)'),(1372,'\0\0\0\0\0\0\0F%uh/@q=\nR@','POINT(15.7043 74.01)'),(1373,'\0\0\0\0\0\0\08gDio/@=\npR@','POINT(15.7176 74.0225)'),(1374,'\0\0\0\0\0\0\0h\0o/@S!uR@','POINT(15.7168 74.0228)'),(1375,'\0\0\0\0\0\0\0&s/@}YR@','POINT(15.7249 74.0306)'),(1376,'\0\0\0\0\0\0\0qr/@R@','POINT(15.7244 74.0322)'),(1377,'\0\0\0\0\0\0\0o/@uR@','POINT(15.7179 74.0252)'),(1378,'\0\0\0\0\0\0\0sAo/@R@','POINT(15.7173 74.0255)'),(1379,'\0\0\0\0\0\0\0(y/@6<RR@','POINT(15.7376 74.0363)'),(1380,'\0\0\0\0\0\0\0EJy/@<N\\R@','POINT(15.7369 74.0369)'),(1381,'\0\0\0\0\0\0\0jq/@\\(R@','POINT(15.7589 74.065)'),(1382,'\0\0\0\0\0\0\0}8g/@0*R@','POINT(15.7586 74.0651)'),(1383,'\0\0\0\0\0\0\0.@|PkvR@','POINT(15.4717 73.8503)'),(1384,'\0\0\0\0\0\0\0o.@BivR@','POINT(15.4718 73.8502)'),(1385,'\0\0\0\0\0\0\0z6.@EwR@','POINT(15.3969 73.8705)'),(1386,'\0\0\0\0\0\0\0z6.@EwR@','POINT(15.3969 73.8705)'),(1387,'\0\0\0\0\0\0\0z6.@EwR@','POINT(15.3969 73.8705)'),(1388,'\0\0\0\0\0\0\0z6.@EwR@','POINT(15.3969 73.8705)'),(1389,'\0\0\0\0\0\0\0z6.@EwR@','POINT(15.3969 73.8705)'),(1390,'\0\0\0\0\0\0\0z6.@EwR@','POINT(15.3969 73.8705)'),(1391,'\0\0\0\0\0\0\0%C.@$(~wR@','POINT(15.397 73.8707)'),(1392,'\0\0\0\0\0\0\0x$(~.@SxR@','POINT(15.3994 73.8845)'),(1393,'\0\0\0\0\0\0\0q.@QIxR@','POINT(15.3993 73.8846)'),(1394,'\0\0\0\0\0\0\0p.@\"~~R@','POINT(15.4392 73.9765)'),(1395,'\0\0\0\0\0\0\01.@|a2U0~R@','POINT(15.4486 73.9717)');
/*!40000 ALTER TABLE `stop_loc` ENABLE KEYS */;
UNLOCK TABLES;

--
-- Table structure for table `trip`
--

DROP TABLE IF EXISTS `trip`;
/*!40101 SET @saved_cs_client     = @@character_set_client */;
/*!40101 SET character_set_client = utf8 */;
CREATE TABLE `trip` (
  `trip_id` int(11) NOT NULL AUTO_INCREMENT,
  `trip_name` varchar(255) DEFAULT NULL COMMENT 'trip_id in GTFS',
  `fleet_id` int(11) DEFAULT NULL,
  `calendar_id` int(11) DEFAULT NULL COMMENT 'Calendar followed by this trip',
  `direction` tinyint(1) DEFAULT NULL,
  `route_id` int(11) DEFAULT NULL,
  `frequency_trip` tinyint(1) DEFAULT '0' COMMENT 'True if this entry represents multiple trips spread at a given frequency',
  `frequency_start_time` time DEFAULT NULL COMMENT 'Time at which the trips operate on a frequency',
  `frequency_end_time` time DEFAULT NULL,
  `frequency_gap` time DEFAULT NULL COMMENT 'Time difference between 2 trips of this frequency trip',
  `last_upd_by` int(11) DEFAULT NULL,
  `last_upd_on` datetime DEFAULT NULL,
  PRIMARY KEY (`trip_id`),
  KEY `fleet_id` (`fleet_id`),
  KEY `last_upd_by` (`last_upd_by`),
  KEY `idx_trip_route` (`route_id`),
  CONSTRAINT `trip_ibfk_1` FOREIGN KEY (`route_id`) REFERENCES `route` (`route_id`),
  CONSTRAINT `trip_ibfk_2` FOREIGN KEY (`fleet_id`) REFERENCES `fleet` (`fleet_id`),
  CONSTRAINT `trip_ibfk_3` FOREIGN KEY (`last_upd_by`) REFERENCES `user` (`user_id`)
) ENGINE=InnoDB AUTO_INCREMENT=22 DEFAULT CHARSET=latin1 COMMENT='Used for trips.txt and frequencies.txt';
/*!40101 SET character_set_client = @saved_cs_client */;

--
-- Dumping data for table `trip`
--

LOCK TABLES `trip` WRITE;
/*!40000 ALTER TABLE `trip` DISABLE KEYS */;
INSERT INTO `trip` VALUES (1,'trip',3,1,0,1,0,'00:00:00','00:00:00',NULL,NULL,NULL),(3,'trip',3,1,0,4,0,'00:00:00','00:00:00',NULL,NULL,NULL),(5,'trip',3,1,1,4,0,'00:00:00','00:00:00',NULL,NULL,NULL),(6,'trip',3,1,1,4,0,'00:00:00','00:00:00',NULL,NULL,NULL),(7,'trip',3,1,1,1,0,'00:00:00','00:00:00',NULL,NULL,NULL),(8,'trip',3,1,0,2,0,'00:00:00','00:00:00',NULL,NULL,NULL),(9,'trip',3,1,1,2,0,'00:00:00','00:00:00',NULL,NULL,NULL),(10,'trip',3,1,0,9,0,'00:00:00','00:00:00',NULL,NULL,NULL),(11,'trip',3,1,1,9,0,'00:00:00','00:00:00',NULL,NULL,NULL),(12,'trip',3,1,0,6,0,'00:00:00','00:00:00',NULL,NULL,NULL),(13,'trip',3,1,1,6,0,'00:00:00','00:00:00',NULL,NULL,NULL),(14,'trip',3,1,0,3,0,'00:00:00','00:00:00',NULL,NULL,NULL),(15,'trip',3,1,1,3,0,'00:00:00','00:00:00',NULL,NULL,NULL),(16,'trip',3,1,0,10,0,'00:00:00','00:00:00',NULL,NULL,NULL),(17,'trip',3,1,1,10,0,'00:00:00','00:00:00',NULL,NULL,NULL),(18,'trip',3,1,0,7,0,'00:00:00','00:00:00',NULL,NULL,NULL),(19,'trip',3,1,1,7,0,'00:00:00','00:00:00',NULL,NULL,NULL),(20,'trip',3,1,0,5,0,'00:00:00','00:00:00',NULL,NULL,NULL),(21,'trip',3,1,1,5,0,'00:00:00','00:00:00',NULL,NULL,NULL);
/*!40000 ALTER TABLE `trip` ENABLE KEYS */;
UNLOCK TABLES;

--
-- Table structure for table `trip_history`
--

DROP TABLE IF EXISTS `trip_history`;
/*!40101 SET @saved_cs_client     = @@character_set_client */;
/*!40101 SET character_set_client = utf8 */;
CREATE TABLE `trip_history` (
  `trip_id` int(11) DEFAULT NULL,
  `trip_name` varchar(255) DEFAULT NULL,
  `fleet_id` int(11) DEFAULT NULL,
  `direction` tinyint(1) DEFAULT NULL,
  `frequency_trip` tinyint(1) DEFAULT NULL,
  `frequency_start_time` time DEFAULT NULL,
  `frequency_end_time` time DEFAULT NULL,
  `last_upd_by` int(11) DEFAULT NULL,
  `last_upd_on` datetime DEFAULT NULL,
  KEY `fleet_id` (`fleet_id`),
  CONSTRAINT `trip_history_ibfk_1` FOREIGN KEY (`fleet_id`) REFERENCES `fleet` (`fleet_id`)
) ENGINE=InnoDB DEFAULT CHARSET=latin1;
/*!40101 SET character_set_client = @saved_cs_client */;

--
-- Dumping data for table `trip_history`
--

LOCK TABLES `trip_history` WRITE;
/*!40000 ALTER TABLE `trip_history` DISABLE KEYS */;
/*!40000 ALTER TABLE `trip_history` ENABLE KEYS */;
UNLOCK TABLES;

--
-- Table structure for table `user`
--

DROP TABLE IF EXISTS `user`;
/*!40101 SET @saved_cs_client     = @@character_set_client */;
/*!40101 SET character_set_client = utf8 */;
CREATE TABLE `user` (
  `username` varchar(255) DEFAULT NULL,
  `password` varchar(255) DEFAULT NULL,
  `user_id` int(11) NOT NULL AUTO_INCREMENT,
  `fleet_id` int(11) DEFAULT NULL,
  `role_type` int(11) DEFAULT NULL COMMENT '1=Admin, 2=Super Admin',
  PRIMARY KEY (`user_id`),
  KEY `fleet_id` (`fleet_id`),
  CONSTRAINT `user_ibfk_1` FOREIGN KEY (`fleet_id`) REFERENCES `fleet` (`fleet_id`)
) ENGINE=InnoDB AUTO_INCREMENT=3 DEFAULT CHARSET=latin1;
/*!40101 SET character_set_client = @saved_cs_client */;

--
-- Dumping data for table `user`
--

LOCK TABLES `user` WRITE;
/*!40000 ALTER TABLE `user` DISABLE KEYS */;
INSERT INTO `user` VALUES ('yash','yash123',1,1,2),('sghate','sghate123',2,3,2);
/*!40000 ALTER TABLE `user` ENABLE KEYS */;
UNLOCK TABLES;

--
-- Temporary table structure for view `vw_stop_trips`
--

DROP TABLE IF EXISTS `vw_stop_trips`;
/*!50001 DROP VIEW IF EXISTS `vw_stop_trips`*/;
SET @saved_cs_client     = @@character_set_client;
SET character_set_client = utf8;
/*!50001 CREATE TABLE `vw_stop_trips` (
  `trip_id` tinyint NOT NULL,
  `stop_id` tinyint NOT NULL,
  `time` tinyint NOT NULL
) ENGINE=MyISAM */;
SET character_set_client = @saved_cs_client;

--
-- Current Database: `avishkar`
--

USE `avishkar`;

--
-- Final view structure for view `stop_detail`
--

/*!50001 DROP TABLE IF EXISTS `stop_detail`*/;
/*!50001 DROP VIEW IF EXISTS `stop_detail`*/;
/*!50001 SET @saved_cs_client          = @@character_set_client */;
/*!50001 SET @saved_cs_results         = @@character_set_results */;
/*!50001 SET @saved_col_connection     = @@collation_connection */;
/*!50001 SET character_set_client      = utf8 */;
/*!50001 SET character_set_results     = utf8 */;
/*!50001 SET collation_connection      = utf8_general_ci */;
/*!50001 CREATE ALGORITHM=UNDEFINED */
/*!50013 DEFINER=`root`@`%` SQL SECURITY DEFINER */
/*!50001 VIEW `stop_detail` AS select `S`.`stop_id` AS `stop_id`,`S`.`latitude` AS `latitude`,`S`.`longitude` AS `longitude`,`S`.`name` AS `name`,`L`.`location` AS `location` from (`stop` `S` join `stop_loc` `L` on((`S`.`stop_id` = `L`.`stop_id`))) */;
/*!50001 SET character_set_client      = @saved_cs_client */;
/*!50001 SET character_set_results     = @saved_cs_results */;
/*!50001 SET collation_connection      = @saved_col_connection */;

--
-- Final view structure for view `vw_stop_trips`
--

/*!50001 DROP TABLE IF EXISTS `vw_stop_trips`*/;
/*!50001 DROP VIEW IF EXISTS `vw_stop_trips`*/;
/*!50001 SET @saved_cs_client          = @@character_set_client */;
/*!50001 SET @saved_cs_results         = @@character_set_results */;
/*!50001 SET @saved_col_connection     = @@collation_connection */;
/*!50001 SET character_set_client      = utf8 */;
/*!50001 SET character_set_results     = utf8 */;
/*!50001 SET collation_connection      = utf8_general_ci */;
/*!50001 CREATE ALGORITHM=UNDEFINED */
/*!50013 DEFINER=`root`@`%` SQL SECURITY DEFINER */
/*!50001 VIEW `vw_stop_trips` AS select `T`.`trip_id` AS `trip_id`,`RS`.`stop_id` AS `stop_id`,(case `T`.`frequency_trip` when 1 then addtime(`RST`.`time`,sec_to_time((`N`.`num` * time_to_sec(`T`.`frequency_gap`)))) else `RST`.`time` end) AS `time` from ((((`route` `R` join `trip` `T` on((`R`.`route_id` = `T`.`route_id`))) join `routestop` `RS` on((`R`.`route_id` = `RS`.`route_id`))) join `routestoptrip` `RST` on((`RS`.`route_stop_id` = `RST`.`route_stop_id`))) left join `numbers` `N` on(((`T`.`frequency_trip` = 1) and ((time_to_sec(timediff(`T`.`frequency_end_time`,`T`.`frequency_start_time`)) / time_to_sec(`T`.`frequency_gap`)) + 1)))) */;
/*!50001 SET character_set_client      = @saved_cs_client */;
/*!50001 SET character_set_results     = @saved_cs_results */;
/*!50001 SET collation_connection      = @saved_col_connection */;
/*!40103 SET TIME_ZONE=@OLD_TIME_ZONE */;

/*!40101 SET SQL_MODE=@OLD_SQL_MODE */;
/*!40014 SET FOREIGN_KEY_CHECKS=@OLD_FOREIGN_KEY_CHECKS */;
/*!40014 SET UNIQUE_CHECKS=@OLD_UNIQUE_CHECKS */;
/*!40101 SET CHARACTER_SET_CLIENT=@OLD_CHARACTER_SET_CLIENT */;
/*!40101 SET CHARACTER_SET_RESULTS=@OLD_CHARACTER_SET_RESULTS */;
/*!40101 SET COLLATION_CONNECTION=@OLD_COLLATION_CONNECTION */;
/*!40111 SET SQL_NOTES=@OLD_SQL_NOTES */;

-- Dump completed on 2015-12-12  8:31:53
